time_mean_ms,time_median_ms,gc_time_mean_ms,gc_time_median_ms,case,case_long,strategy,variant,language,precision,executor,use_kernelAbstractions,use_fusing,Threads,cells,ms_normed,varDisplay,varType
14.003302173669468,13.989125,0.0,0.0,LDC-1000000,LDC-1000000,faceBased,HardCodedCDF,julia,float64,cpu,True,True,1,1000000,1.4003302173669468e-05,Linear (Stat.),Hardcoded
13.498382288409704,13.495258,0.0,0.0,LDC-1000000,LDC-1000000,faceBased,DynamicUpwind,julia,float64,cpu,True,True,1,1000000,1.3498382288409704e-05,Upwind (Dyn.),Dynamic
15.062518240963856,15.0451485,0.0,0.0,LDC-1000000,LDC-1000000,faceBased,PrecalculatedWeightsUpwind,julia,float64,cpu,True,True,1,1000000,1.5062518240963856e-05,Upwind (Prec.),Precalculated Weights
14.015413585434176,14.000311,0.0,0.0,LDC-1000000,LDC-1000000,faceBased,DynamicCDF,julia,float64,cpu,True,True,1,1000000,1.4015413585434176e-05,Linear (Dyn.),Dynamic
15.069054846385542,15.057635,0.0,0.0,LDC-1000000,LDC-1000000,faceBased,PrecalculatedWeightsCDF,julia,float64,cpu,True,True,1,1000000,1.5069054846385543e-05,Linear (Prec.),Precalculated Weights
13.515735635135137,13.506568,0.0,0.0,LDC-1000000,LDC-1000000,faceBased,HardCodedUpwind,julia,float64,cpu,True,True,1,1000000,1.3515735635135137e-05,Upwind (Stat.),Hardcoded
12.74124245038168,12.735906,0.0,0.0,LDC-1000000,LDC-1000000,faceBased,Fused,julia,float64,cpu,True,True,1,1000000,1.274124245038168e-05,Fused,Fused
15.530083282608697,15.5217765,0.0,0.0,LDC-1000000,LDC-1000000,globalFaceBased,HardCodedCDF,julia,float64,cpu,True,True,1,1000000,1.5530083282608696e-05,Linear (Stat.),Hardcoded
15.129058223564954,15.078329,0.0,0.0,LDC-1000000,LDC-1000000,globalFaceBased,DynamicUpwind,julia,float64,cpu,True,True,1,1000000,1.5129058223564953e-05,Upwind (Dyn.),Dynamic
16.765776538461537,16.821109,0.0,0.0,LDC-1000000,LDC-1000000,globalFaceBased,PrecalculatedWeightsUpwind,julia,float64,cpu,True,True,1,1000000,1.6765776538461537e-05,Upwind (Prec.),Precalculated Weights
15.510817950464396,15.518513,0.0,0.0,LDC-1000000,LDC-1000000,globalFaceBased,DynamicCDF,julia,float64,cpu,True,True,1,1000000,1.5510817950464395e-05,Linear (Dyn.),Dynamic
16.73290320401338,16.743572,0.0,0.0,LDC-1000000,LDC-1000000,globalFaceBased,PrecalculatedWeightsCDF,julia,float64,cpu,True,True,1,1000000,1.673290320401338e-05,Linear (Prec.),Precalculated Weights
15.003027095808385,14.999606,0.0,0.0,LDC-1000000,LDC-1000000,globalFaceBased,HardCodedUpwind,julia,float64,cpu,True,True,1,1000000,1.5003027095808385e-05,Upwind (Stat.),Hardcoded
14.036049229691876,14.023762,0.0,0.0,LDC-1000000,LDC-1000000,globalFaceBased,Fused,julia,float64,cpu,True,True,1,1000000,1.4036049229691876e-05,Fused,Fused
92.90292475925924,92.8813245,0.0,0.0,LDC-1000000,LDC-1000000,cellBased,HardCodedCDF,julia,float64,cpu,True,True,1,1000000,9.290292475925924e-05,Linear (Stat.),Hardcoded
92.29131114545454,92.220654,0.0,0.0,LDC-1000000,LDC-1000000,cellBased,DynamicUpwind,julia,float64,cpu,True,True,1,1000000,9.229131114545455e-05,Upwind (Dyn.),Dynamic
95.45456133962264,95.426891,0.0,0.0,LDC-1000000,LDC-1000000,cellBased,PrecalculatedWeightsUpwind,julia,float64,cpu,True,True,1,1000000,9.545456133962264e-05,Upwind (Prec.),Precalculated Weights
92.0806069090909,92.051922,0.0,0.0,LDC-1000000,LDC-1000000,cellBased,DynamicCDF,julia,float64,cpu,True,True,1,1000000,9.208060690909091e-05,Linear (Dyn.),Dynamic
95.8227886981132,95.405471,0.0,0.0,LDC-1000000,LDC-1000000,cellBased,PrecalculatedWeightsCDF,julia,float64,cpu,True,True,1,1000000,9.58227886981132e-05,Linear (Prec.),Precalculated Weights
92.21840614545454,92.160311,0.0,0.0,LDC-1000000,LDC-1000000,cellBased,HardCodedUpwind,julia,float64,cpu,True,True,1,1000000,9.221840614545454e-05,Upwind (Stat.),Hardcoded
93.38845024074077,93.310203,0.0,0.0,LDC-1000000,LDC-1000000,cellBased,Fused,julia,float64,cpu,True,True,1,1000000,9.338845024074076e-05,Fused,Fused
4.81791118593449,4.812285,0.0,0.0,LDC-343000,LDC-343000,faceBased,HardCodedCDF,julia,float64,cpu,True,True,1,343000,1.4046388297185101e-05,Linear (Stat.),Hardcoded
4.658523825722274,4.651449,0.0,0.0,LDC-343000,LDC-343000,faceBased,DynamicUpwind,julia,float64,cpu,True,True,1,343000,1.358170211580838e-05,Upwind (Dyn.),Dynamic
5.227161409613376,5.225006,0.0,0.0,LDC-343000,LDC-343000,faceBased,PrecalculatedWeightsUpwind,julia,float64,cpu,True,True,1,343000,1.523953763735678e-05,Upwind (Prec.),Precalculated Weights
4.812466614051973,4.810928,0.0,0.0,LDC-343000,LDC-343000,faceBased,DynamicCDF,julia,float64,cpu,True,True,1,343000,1.4030514909772517e-05,Linear (Dyn.),Dynamic
5.239225439203355,5.232856,0.0,0.0,LDC-343000,LDC-343000,faceBased,PrecalculatedWeightsCDF,julia,float64,cpu,True,True,1,343000,1.527470973528675e-05,Linear (Prec.),Precalculated Weights
4.6607377632805225,4.657337,0.0,0.0,LDC-343000,LDC-343000,faceBased,HardCodedUpwind,julia,float64,cpu,True,True,1,343000,1.3588156744258084e-05,Upwind (Stat.),Hardcoded
4.398090722955145,4.393915,0.0,0.0,LDC-343000,LDC-343000,faceBased,Fused,julia,float64,cpu,True,True,1,343000,1.2822421932813834e-05,Fused,Fused
5.33383577588047,5.332623,0.0,0.0,LDC-343000,LDC-343000,globalFaceBased,HardCodedCDF,julia,float64,cpu,True,True,1,343000,1.555054162064277e-05,Linear (Stat.),Hardcoded
5.17653862215321,5.1765545,0.0,0.0,LDC-343000,LDC-343000,globalFaceBased,DynamicUpwind,julia,float64,cpu,True,True,1,343000,1.5091949335723644e-05,Upwind (Dyn.),Dynamic
5.806674334494773,5.804861,0.0,0.0,LDC-343000,LDC-343000,globalFaceBased,PrecalculatedWeightsUpwind,julia,float64,cpu,True,True,1,343000,1.692907969240459e-05,Upwind (Prec.),Precalculated Weights
5.322153928723404,5.3253935,0.0,0.0,LDC-343000,LDC-343000,globalFaceBased,DynamicCDF,julia,float64,cpu,True,True,1,343000,1.551648375721109e-05,Linear (Dyn.),Dynamic
5.811471781649245,5.813112,0.0,0.0,LDC-343000,LDC-343000,globalFaceBased,PrecalculatedWeightsCDF,julia,float64,cpu,True,True,1,343000,1.6943066418802465e-05,Linear (Prec.),Precalculated Weights
5.170475944157187,5.173204,0.0,0.0,LDC-343000,LDC-343000,globalFaceBased,HardCodedUpwind,julia,float64,cpu,True,True,1,343000,1.5074273889671099e-05,Upwind (Stat.),Hardcoded
4.82221662487946,4.820621,0.0,0.0,LDC-343000,LDC-343000,globalFaceBased,Fused,julia,float64,cpu,True,True,1,343000,1.4058940597316211e-05,Fused,Fused
30.619802152439025,30.5928805,0.0,0.0,LDC-343000,LDC-343000,cellBased,HardCodedCDF,julia,float64,cpu,True,True,1,343000,8.927056021119249e-05,Linear (Stat.),Hardcoded
30.61075974390244,30.5639305,0.0,0.0,LDC-343000,LDC-343000,cellBased,DynamicUpwind,julia,float64,cpu,True,True,1,343000,8.924419750408876e-05,Upwind (Dyn.),Dynamic
31.676804411392407,31.6547465,0.0,0.0,LDC-343000,LDC-343000,cellBased,PrecalculatedWeightsUpwind,julia,float64,cpu,True,True,1,343000,9.235219945012364e-05,Upwind (Prec.),Precalculated Weights
30.55650185365854,30.536043,0.0,0.0,LDC-343000,LDC-343000,cellBased,DynamicCDF,julia,float64,cpu,True,True,1,343000,8.908601123515608e-05,Linear (Dyn.),Dynamic
31.74638187341772,31.7408,0.0,0.0,LDC-343000,LDC-343000,cellBased,PrecalculatedWeightsCDF,julia,float64,cpu,True,True,1,343000,9.255504919363767e-05,Linear (Prec.),Precalculated Weights
30.64278022560976,30.634012,0.0,0.0,LDC-343000,LDC-343000,cellBased,HardCodedUpwind,julia,float64,cpu,True,True,1,343000,8.933755167816256e-05,Upwind (Stat.),Hardcoded
31.02511640740741,31.0045905,0.0,0.0,LDC-343000,LDC-343000,cellBased,Fused,julia,float64,cpu,True,True,1,343000,9.04522344239283e-05,Fused,Fused
46.53210767592593,46.499757,0.0,0.0,LDC-3375000,LDC-3375000,faceBased,HardCodedCDF,julia,float64,cpu,True,True,1,3375000,1.3787291163237313e-05,Linear (Stat.),Hardcoded
44.842615696428574,44.830027,0.0,0.0,LDC-3375000,LDC-3375000,faceBased,DynamicUpwind,julia,float64,cpu,True,True,1,3375000,1.3286700947089948e-05,Upwind (Dyn.),Dynamic
49.92525666336634,49.900956,0.0,0.0,LDC-3375000,LDC-3375000,faceBased,PrecalculatedWeightsUpwind,julia,float64,cpu,True,True,1,3375000,1.4792668640997435e-05,Upwind (Prec.),Precalculated Weights
46.529374259259264,46.4843205,0.0,0.0,LDC-3375000,LDC-3375000,faceBased,DynamicCDF,julia,float64,cpu,True,True,1,3375000,1.3786481262002744e-05,Linear (Dyn.),Dynamic
49.94282518811882,49.906043,0.0,0.0,LDC-3375000,LDC-3375000,faceBased,PrecalculatedWeightsCDF,julia,float64,cpu,True,True,1,3375000,1.4797874129812983e-05,Linear (Prec.),Precalculated Weights
44.82890550892858,44.7966305,0.0,0.0,LDC-3375000,LDC-3375000,faceBased,HardCodedUpwind,julia,float64,cpu,True,True,1,3375000,1.3282638669312172e-05,Upwind (Stat.),Hardcoded
42.27988809243698,42.233401,0.0,0.0,LDC-3375000,LDC-3375000,faceBased,Fused,julia,float64,cpu,True,True,1,3375000,1.2527374249610955e-05,Fused,Fused
51.75789878350516,51.764893,0.0,0.0,LDC-3375000,LDC-3375000,globalFaceBased,HardCodedCDF,julia,float64,cpu,True,True,1,3375000,1.533567371363116e-05,Linear (Stat.),Hardcoded
49.08687567647058,49.0202485,0.0,0.0,LDC-3375000,LDC-3375000,globalFaceBased,DynamicUpwind,julia,float64,cpu,True,True,1,3375000,1.4544259459694986e-05,Upwind (Dyn.),Dynamic
55.57664527777778,55.6748295,0.0,0.0,LDC-3375000,LDC-3375000,globalFaceBased,PrecalculatedWeightsUpwind,julia,float64,cpu,True,True,1,3375000,1.64671541563786e-05,Upwind (Prec.),Precalculated Weights
50.91632996969697,50.881641,0.0,0.0,LDC-3375000,LDC-3375000,globalFaceBased,DynamicCDF,julia,float64,cpu,True,True,1,3375000,1.5086319991021323e-05,Linear (Dyn.),Dynamic
55.55350606666667,55.6669385,0.0,0.0,LDC-3375000,LDC-3375000,globalFaceBased,PrecalculatedWeightsCDF,julia,float64,cpu,True,True,1,3375000,1.646029809382716e-05,Linear (Prec.),Precalculated Weights
49.046081049019605,49.005313,0.0,0.0,LDC-3375000,LDC-3375000,globalFaceBased,HardCodedUpwind,julia,float64,cpu,True,True,1,3375000,1.4532172162672476e-05,Upwind (Stat.),Hardcoded
46.01731101834863,45.981251,0.0,0.0,LDC-3375000,LDC-3375000,globalFaceBased,Fused,julia,float64,cpu,True,True,1,3375000,1.3634758820251445e-05,Fused,Fused
305.4601440588235,305.29239,0.0,0.0,LDC-3375000,LDC-3375000,cellBased,HardCodedCDF,julia,float64,cpu,True,True,1,3375000,9.050670935076253e-05,Linear (Stat.),Hardcoded
304.2479848235294,304.019806,0.0,0.0,LDC-3375000,LDC-3375000,cellBased,DynamicUpwind,julia,float64,cpu,True,True,1,3375000,9.014755105882353e-05,Upwind (Dyn.),Dynamic
317.8743185,314.869074,0.0,0.0,LDC-3375000,LDC-3375000,cellBased,PrecalculatedWeightsUpwind,julia,float64,cpu,True,True,1,3375000,9.418498325925927e-05,Upwind (Prec.),Precalculated Weights
304.2880067058824,303.812671,0.0,0.0,LDC-3375000,LDC-3375000,cellBased,DynamicCDF,julia,float64,cpu,True,True,1,3375000,9.015940939433553e-05,Linear (Dyn.),Dynamic
315.2724409375,315.097538,0.0,0.0,LDC-3375000,LDC-3375000,cellBased,PrecalculatedWeightsCDF,julia,float64,cpu,True,True,1,3375000,9.341405657407408e-05,Linear (Prec.),Precalculated Weights
303.93218052941177,303.787027,0.0,0.0,LDC-3375000,LDC-3375000,cellBased,HardCodedUpwind,julia,float64,cpu,True,True,1,3375000,9.0053979416122e-05,Upwind (Stat.),Hardcoded
308.6048011764706,308.360499,0.0,0.0,LDC-3375000,LDC-3375000,cellBased,Fused,julia,float64,cpu,True,True,1,3375000,9.143845960784313e-05,Fused,Fused
537.1272703,537.0499995,0.0,0.0,LDC-39304000,LDC-39304000,faceBased,HardCodedCDF,julia,float64,cpu,True,True,1,39304000,1.3665969629045389e-05,Linear (Stat.),Hardcoded
518.5217663,518.8121205,0.0,0.0,LDC-39304000,LDC-39304000,faceBased,DynamicUpwind,julia,float64,cpu,True,True,1,39304000,1.3192595315998371e-05,Upwind (Dyn.),Dynamic
575.2189567777777,575.176797,0.0,0.0,LDC-39304000,LDC-39304000,faceBased,PrecalculatedWeightsUpwind,julia,float64,cpu,True,True,1,39304000,1.4635125096116877e-05,Upwind (Prec.),Precalculated Weights
537.0657959,537.100418,0.0,0.0,LDC-39304000,LDC-39304000,faceBased,DynamicCDF,julia,float64,cpu,True,True,1,39304000,1.3664405554142072e-05,Linear (Dyn.),Dynamic
575.4064392222222,575.389368,0.0,0.0,LDC-39304000,LDC-39304000,faceBased,PrecalculatedWeightsCDF,julia,float64,cpu,True,True,1,39304000,1.4639895156274734e-05,Linear (Prec.),Precalculated Weights
519.1329074,518.8630405,0.0,0.0,LDC-39304000,LDC-39304000,faceBased,HardCodedUpwind,julia,float64,cpu,True,True,1,39304000,1.3208144397516792e-05,Upwind (Stat.),Hardcoded
491.44572627272726,491.110046,0.0,0.0,LDC-39304000,LDC-39304000,faceBased,Fused,julia,float64,cpu,True,True,1,39304000,1.2503707670281072e-05,Fused,Fused
581.1813764444444,581.111957,0.0,0.0,LDC-39304000,LDC-39304000,globalFaceBased,HardCodedCDF,julia,float64,cpu,True,True,1,39304000,1.4786825169052625e-05,Linear (Stat.),Hardcoded
562.2266006666666,561.633962,0.0,0.0,LDC-39304000,LDC-39304000,globalFaceBased,DynamicUpwind,julia,float64,cpu,True,True,1,39304000,1.430456443788588e-05,Upwind (Dyn.),Dynamic
625.062832375,624.6518535,0.0,0.0,LDC-39304000,LDC-39304000,globalFaceBased,PrecalculatedWeightsUpwind,julia,float64,cpu,True,True,1,39304000,1.5903288020939343e-05,Upwind (Prec.),Precalculated Weights
580.7094248888889,580.488432,0.0,0.0,LDC-39304000,LDC-39304000,globalFaceBased,DynamicCDF,julia,float64,cpu,True,True,1,39304000,1.4774817445778772e-05,Linear (Dyn.),Dynamic
624.5540626666666,624.276388,0.0,0.0,LDC-39304000,LDC-39304000,globalFaceBased,PrecalculatedWeightsCDF,julia,float64,cpu,True,True,1,39304000,1.5890343544338148e-05,Linear (Prec.),Precalculated Weights
559.4827483333333,559.42333,0.0,0.0,LDC-39304000,LDC-39304000,globalFaceBased,HardCodedUpwind,julia,float64,cpu,True,True,1,39304000,1.4234753417803107e-05,Upwind (Stat.),Hardcoded
524.8615553999999,525.0803225,0.0,0.0,LDC-39304000,LDC-39304000,globalFaceBased,Fused,julia,float64,cpu,True,True,1,39304000,1.3353896687360064e-05,Fused,Fused
3555.7657415,3555.7657415,0.0,0.0,LDC-39304000,LDC-39304000,cellBased,HardCodedCDF,julia,float64,cpu,True,True,1,39304000,9.046829181508244e-05,Linear (Stat.),Hardcoded
3512.501413,3512.501413,0.0,0.0,LDC-39304000,LDC-39304000,cellBased,DynamicUpwind,julia,float64,cpu,True,True,1,39304000,8.936753035314472e-05,Upwind (Dyn.),Dynamic
3595.09605,3595.09605,0.0,0.0,LDC-39304000,LDC-39304000,cellBased,PrecalculatedWeightsUpwind,julia,float64,cpu,True,True,1,39304000,9.146896117443518e-05,Upwind (Prec.),Precalculated Weights
3478.7414805,3478.7414805,0.0,0.0,LDC-39304000,LDC-39304000,cellBased,DynamicCDF,julia,float64,cpu,True,True,1,39304000,8.850858641614085e-05,Linear (Dyn.),Dynamic
3576.1666425,3576.1666425,0.0,0.0,LDC-39304000,LDC-39304000,cellBased,PrecalculatedWeightsCDF,julia,float64,cpu,True,True,1,39304000,9.098734588082637e-05,Linear (Prec.),Precalculated Weights
3464.6967725,3464.6967725,0.0,0.0,LDC-39304000,LDC-39304000,cellBased,HardCodedUpwind,julia,float64,cpu,True,True,1,39304000,8.815125108131488e-05,Upwind (Stat.),Hardcoded
3513.994646,3513.994646,0.0,0.0,LDC-39304000,LDC-39304000,cellBased,Fused,julia,float64,cpu,True,True,1,39304000,8.940552223692245e-05,Fused,Fused
7.469097698507462,7.459397,0.0,0.0,LDC-512000,LDC-512000,faceBased,HardCodedCDF,julia,float64,cpu,True,True,1,512000,1.4588081442397387e-05,Linear (Stat.),Hardcoded
7.2156096998557,7.205934,0.0,0.0,LDC-512000,LDC-512000,faceBased,DynamicUpwind,julia,float64,cpu,True,True,1,512000,1.4092987695030664e-05,Upwind (Dyn.),Dynamic
8.058425231884058,8.052896,0.0,0.0,LDC-512000,LDC-512000,faceBased,PrecalculatedWeightsUpwind,julia,float64,cpu,True,True,1,512000,1.573911178102355e-05,Upwind (Prec.),Precalculated Weights
7.472152950672646,7.464779,0.0,0.0,LDC-512000,LDC-512000,faceBased,DynamicCDF,julia,float64,cpu,True,True,1,512000,1.4594048731782511e-05,Linear (Dyn.),Dynamic
8.047727823151126,8.047299,0.0,0.0,LDC-512000,LDC-512000,faceBased,PrecalculatedWeightsCDF,julia,float64,cpu,True,True,1,512000,1.5718218404592044e-05,Linear (Prec.),Precalculated Weights
7.242114348769898,7.225862,0.0,0.0,LDC-512000,LDC-512000,faceBased,HardCodedUpwind,julia,float64,cpu,True,True,1,512000,1.4144754587441208e-05,Upwind (Stat.),Hardcoded
6.77813068699187,6.775309,0.0,0.0,LDC-512000,LDC-512000,faceBased,Fused,julia,float64,cpu,True,True,1,512000,1.3238536498030996e-05,Fused,Fused
8.240668197693575,8.18643,0.0,0.0,LDC-512000,LDC-512000,globalFaceBased,HardCodedCDF,julia,float64,cpu,True,True,1,512000,1.6095055073620263e-05,Linear (Stat.),Hardcoded
8.0058431952,8.001967,0.0,0.0,LDC-512000,LDC-512000,globalFaceBased,DynamicUpwind,julia,float64,cpu,True,True,1,512000,1.5636412490625e-05,Upwind (Dyn.),Dynamic
9.000584584532374,9.0069805,0.0,0.0,LDC-512000,LDC-512000,globalFaceBased,PrecalculatedWeightsUpwind,julia,float64,cpu,True,True,1,512000,1.7579266766664794e-05,Upwind (Prec.),Precalculated Weights
8.246013258649095,8.205816,0.0,0.0,LDC-512000,LDC-512000,globalFaceBased,DynamicCDF,julia,float64,cpu,True,True,1,512000,1.6105494645799014e-05,Linear (Dyn.),Dynamic
8.981198267504489,9.007846,0.0,0.0,LDC-512000,LDC-512000,globalFaceBased,PrecalculatedWeightsCDF,julia,float64,cpu,True,True,1,512000,1.7541402866219704e-05,Linear (Prec.),Precalculated Weights
7.9978177824,7.99685,0.0,0.0,LDC-512000,LDC-512000,globalFaceBased,HardCodedUpwind,julia,float64,cpu,True,True,1,512000,1.562073785625e-05,Upwind (Stat.),Hardcoded
7.362693622974963,7.368127,0.0,0.0,LDC-512000,LDC-512000,globalFaceBased,Fused,julia,float64,cpu,True,True,1,512000,1.4380260982372975e-05,Fused,Fused
48.36506988461539,48.3731795,0.0,0.0,LDC-512000,LDC-512000,cellBased,HardCodedCDF,julia,float64,cpu,True,True,1,512000,9.446302711838942e-05,Linear (Stat.),Hardcoded
48.48147241346154,48.4864805,0.0,0.0,LDC-512000,LDC-512000,cellBased,DynamicUpwind,julia,float64,cpu,True,True,1,512000,9.469037580754207e-05,Upwind (Dyn.),Dynamic
50.10236036,50.107349,0.0,0.0,LDC-512000,LDC-512000,cellBased,PrecalculatedWeightsUpwind,julia,float64,cpu,True,True,1,512000,9.7856172578125e-05,Upwind (Prec.),Precalculated Weights
49.19055373529412,49.138064,0.0,0.0,LDC-512000,LDC-512000,cellBased,DynamicCDF,julia,float64,cpu,True,True,1,512000,9.607530026424632e-05,Linear (Dyn.),Dynamic
50.09748803,50.083366,0.0,0.0,LDC-512000,LDC-512000,cellBased,PrecalculatedWeightsCDF,julia,float64,cpu,True,True,1,512000,9.784665630859375e-05,Linear (Prec.),Precalculated Weights
48.624595902912624,48.436522,0.0,0.0,LDC-512000,LDC-512000,cellBased,HardCodedUpwind,julia,float64,cpu,True,True,1,512000,9.496991387287622e-05,Upwind (Stat.),Hardcoded
49.26142975490196,49.225865,0.0,0.0,LDC-512000,LDC-512000,cellBased,Fused,julia,float64,cpu,True,True,1,512000,9.62137299900429e-05,Fused,Fused
57.618922080459775,57.582407,0.0,0.0,LDC-4096000,LDC-4096000,faceBased,HardCodedCDF,julia,float64,cpu,True,True,1,4096000,1.406711964854975e-05,Linear (Stat.),Hardcoded
55.51749815384616,55.467805,0.0,0.0,LDC-4096000,LDC-4096000,faceBased,DynamicUpwind,julia,float64,cpu,True,True,1,4096000,1.3554076697716348e-05,Upwind (Dyn.),Dynamic
61.67103263414634,61.616752,0.0,0.0,LDC-4096000,LDC-4096000,faceBased,PrecalculatedWeightsUpwind,julia,float64,cpu,True,True,1,4096000,1.5056404451695884e-05,Upwind (Prec.),Precalculated Weights
57.5558245632184,57.504829,0.0,0.0,LDC-4096000,LDC-4096000,faceBased,DynamicCDF,julia,float64,cpu,True,True,1,4096000,1.4051714981254492e-05,Linear (Dyn.),Dynamic
61.742116839506174,61.61547,0.0,0.0,LDC-4096000,LDC-4096000,faceBased,PrecalculatedWeightsCDF,julia,float64,cpu,True,True,1,4096000,1.5073758994020062e-05,Linear (Prec.),Precalculated Weights
55.52193930769231,55.47161,0.0,0.0,LDC-4096000,LDC-4096000,faceBased,HardCodedUpwind,julia,float64,cpu,True,True,1,4096000,1.3555160963792067e-05,Upwind (Stat.),Hardcoded
52.49324983333334,52.459518,0.0,0.0,LDC-4096000,LDC-4096000,faceBased,Fused,julia,float64,cpu,True,True,1,4096000,1.2815734822591147e-05,Fused,Fused
62.10296703703704,62.068582,0.0,0.0,LDC-4096000,LDC-4096000,globalFaceBased,HardCodedCDF,julia,float64,cpu,True,True,1,4096000,1.5161857186776622e-05,Linear (Stat.),Hardcoded
60.070071023809525,60.0228095,0.0,0.0,LDC-4096000,LDC-4096000,globalFaceBased,DynamicUpwind,julia,float64,cpu,True,True,1,4096000,1.4665544683547248e-05,Upwind (Dyn.),Dynamic
66.80132322666667,66.754111,0.0,0.0,LDC-4096000,LDC-4096000,globalFaceBased,PrecalculatedWeightsUpwind,julia,float64,cpu,True,True,1,4096000,1.6308916803385417e-05,Upwind (Prec.),Precalculated Weights
61.97119904938272,61.925315,0.0,0.0,LDC-4096000,LDC-4096000,globalFaceBased,DynamicCDF,julia,float64,cpu,True,True,1,4096000,1.5129687267915703e-05,Linear (Dyn.),Dynamic
66.85665598666667,66.796759,0.0,0.0,LDC-4096000,LDC-4096000,globalFaceBased,PrecalculatedWeightsCDF,julia,float64,cpu,True,True,1,4096000,1.632242577799479e-05,Linear (Prec.),Precalculated Weights
59.97867915476191,59.9440565,0.0,0.0,LDC-4096000,LDC-4096000,globalFaceBased,HardCodedUpwind,julia,float64,cpu,True,True,1,4096000,1.4643232215518045e-05,Upwind (Stat.),Hardcoded
56.09136852222222,56.0146105,0.0,0.0,LDC-4096000,LDC-4096000,globalFaceBased,Fused,julia,float64,cpu,True,True,1,4096000,1.3694181768120659e-05,Fused,Fused
355.199886,354.249751,0.0,0.0,LDC-4096000,LDC-4096000,cellBased,HardCodedCDF,julia,float64,cpu,True,True,1,4096000,8.671872216796874e-05,Linear (Stat.),Hardcoded
355.96839186666665,355.957775,0.0,0.0,LDC-4096000,LDC-4096000,cellBased,DynamicUpwind,julia,float64,cpu,True,True,1,4096000,8.69063456705729e-05,Upwind (Dyn.),Dynamic
368.7000635,368.484237,0.0,0.0,LDC-4096000,LDC-4096000,cellBased,PrecalculatedWeightsUpwind,julia,float64,cpu,True,True,1,4096000,9.001466394042969e-05,Upwind (Prec.),Precalculated Weights
353.67997006666667,353.741534,0.0,0.0,LDC-4096000,LDC-4096000,cellBased,DynamicCDF,julia,float64,cpu,True,True,1,4096000,8.63476489420573e-05,Linear (Dyn.),Dynamic
368.8718412142857,368.59572,0.0,0.0,LDC-4096000,LDC-4096000,cellBased,PrecalculatedWeightsCDF,julia,float64,cpu,True,True,1,4096000,9.005660185895648e-05,Linear (Prec.),Precalculated Weights
360.13458278571426,356.1755135,0.0,0.0,LDC-4096000,LDC-4096000,cellBased,HardCodedUpwind,julia,float64,cpu,True,True,1,4096000,8.792348212541852e-05,Upwind (Stat.),Hardcoded
362.2253740714286,361.9574065,0.0,0.0,LDC-4096000,LDC-4096000,cellBased,Fused,julia,float64,cpu,True,True,1,4096000,8.843392921665737e-05,Fused,Fused
10.203530026530611,10.18369,0.0,0.0,LDC-729000,LDC-729000,faceBased,HardCodedCDF,julia,float64,cpu,True,True,1,729000,1.3996611833375325e-05,Linear (Stat.),Hardcoded
9.835057282907664,9.822655,0.0,0.0,LDC-729000,LDC-729000,faceBased,DynamicUpwind,julia,float64,cpu,True,True,1,729000,1.349116225364563e-05,Upwind (Dyn.),Dynamic
10.955161021881835,10.945936,0.0,0.0,LDC-729000,LDC-729000,faceBased,PrecalculatedWeightsUpwind,julia,float64,cpu,True,True,1,729000,1.5027655722746002e-05,Upwind (Prec.),Precalculated Weights
10.19627349083503,10.194224,0.0,0.0,LDC-729000,LDC-729000,faceBased,DynamicCDF,julia,float64,cpu,True,True,1,729000,1.3986657737770959e-05,Linear (Dyn.),Dynamic
10.966053817982456,10.9650765,0.0,0.0,LDC-729000,LDC-729000,faceBased,PrecalculatedWeightsCDF,julia,float64,cpu,True,True,1,729000,1.5042597829879912e-05,Linear (Prec.),Precalculated Weights
9.825287577603143,9.823325,0.0,0.0,LDC-729000,LDC-729000,faceBased,HardCodedUpwind,julia,float64,cpu,True,True,1,729000,1.3477760737452871e-05,Upwind (Stat.),Hardcoded
9.273036003703703,9.2718135,0.0,0.0,LDC-729000,LDC-729000,faceBased,Fused,julia,float64,cpu,True,True,1,729000,1.2720213996850073e-05,Fused,Fused
11.43279860045662,11.3981805,0.0,0.0,LDC-729000,LDC-729000,globalFaceBased,HardCodedCDF,julia,float64,cpu,True,True,1,729000,1.568285130378137e-05,Linear (Stat.),Hardcoded
11.002454995604396,10.992409,0.0,0.0,LDC-729000,LDC-729000,globalFaceBased,DynamicUpwind,julia,float64,cpu,True,True,1,729000,1.5092530858167895e-05,Upwind (Dyn.),Dynamic
12.10937801937046,12.089554,0.0,0.0,LDC-729000,LDC-729000,globalFaceBased,PrecalculatedWeightsUpwind,julia,float64,cpu,True,True,1,729000,1.6610943785144666e-05,Upwind (Prec.),Precalculated Weights
11.438154837899544,11.402942,0.0,0.0,LDC-729000,LDC-729000,globalFaceBased,DynamicCDF,julia,float64,cpu,True,True,1,729000,1.5690198680246287e-05,Linear (Dyn.),Dynamic
12.116966484261502,12.102322,0.0,0.0,LDC-729000,LDC-729000,globalFaceBased,PrecalculatedWeightsCDF,julia,float64,cpu,True,True,1,729000,1.6621353202004803e-05,Linear (Prec.),Precalculated Weights
11.115820935555554,11.1221715,0.0,0.0,LDC-729000,LDC-729000,globalFaceBased,HardCodedUpwind,julia,float64,cpu,True,True,1,729000,1.5248039692120102e-05,Upwind (Stat.),Hardcoded
10.257531096311476,10.2535505,0.0,0.0,LDC-729000,LDC-729000,globalFaceBased,Fused,julia,float64,cpu,True,True,1,729000,1.4070687374912863e-05,Fused,Fused
69.85518365277778,69.7514565,0.0,0.0,LDC-729000,LDC-729000,cellBased,HardCodedCDF,julia,float64,cpu,True,True,1,729000,9.582329719173907e-05,Linear (Stat.),Hardcoded
66.22125968421052,65.3456735,0.0,0.0,LDC-729000,LDC-729000,cellBased,DynamicUpwind,julia,float64,cpu,True,True,1,729000,9.083849065049454e-05,Upwind (Dyn.),Dynamic
69.39249046575343,68.784295,0.0,0.0,LDC-729000,LDC-729000,cellBased,PrecalculatedWeightsUpwind,julia,float64,cpu,True,True,1,729000,9.518860146193886e-05,Upwind (Prec.),Precalculated Weights
74.96019574626865,68.425733,0.0,0.0,LDC-729000,LDC-729000,cellBased,DynamicCDF,julia,float64,cpu,True,True,1,729000,0.00010282605726511475,Linear (Dyn.),Dynamic
82.30698829508198,81.278735,0.0,0.0,LDC-729000,LDC-729000,cellBased,PrecalculatedWeightsCDF,julia,float64,cpu,True,True,1,729000,0.00011290396199599723,Linear (Prec.),Precalculated Weights
79.18843725,78.5876235,0.0,0.0,LDC-729000,LDC-729000,cellBased,HardCodedUpwind,julia,float64,cpu,True,True,1,729000,0.00010862611419753088,Upwind (Stat.),Hardcoded
80.20286365079366,79.554349,0.0,0.0,LDC-729000,LDC-729000,cellBased,Fused,julia,float64,cpu,True,True,1,729000,0.00011001764561151393,Fused,Fused
18.907618701886797,18.638257,0.0,0.0,LDC-1331000,LDC-1331000,faceBased,HardCodedCDF,julia,float64,cpu,True,True,1,1331000,1.4205573780531026e-05,Linear (Stat.),Hardcoded
18.03971245323741,18.022422,0.0,0.0,LDC-1331000,LDC-1331000,faceBased,DynamicUpwind,julia,float64,cpu,True,True,1,1331000,1.3553502970125778e-05,Upwind (Dyn.),Dynamic
20.080851076305223,19.954002,0.0,0.0,LDC-1331000,LDC-1331000,faceBased,PrecalculatedWeightsUpwind,julia,float64,cpu,True,True,1,1331000,1.5087040628328492e-05,Upwind (Prec.),Precalculated Weights
18.51296730258303,18.487649,0.0,0.0,LDC-1331000,LDC-1331000,faceBased,DynamicCDF,julia,float64,cpu,True,True,1,1331000,1.3909066343037587e-05,Linear (Dyn.),Dynamic
19.96678837450199,19.957456,0.0,0.0,LDC-1331000,LDC-1331000,faceBased,PrecalculatedWeightsCDF,julia,float64,cpu,True,True,1,1331000,1.50013436322329e-05,Linear (Prec.),Precalculated Weights
17.875212114285716,17.871295,0.0,0.0,LDC-1331000,LDC-1331000,faceBased,HardCodedUpwind,julia,float64,cpu,True,True,1,1331000,1.3429911430718044e-05,Upwind (Stat.),Hardcoded
16.906231527027025,16.8944645,0.0,0.0,LDC-1331000,LDC-1331000,faceBased,Fused,julia,float64,cpu,True,True,1,1331000,1.2701901973724286e-05,Fused,Fused
20.42158428979592,20.398921,0.0,0.0,LDC-1331000,LDC-1331000,globalFaceBased,HardCodedCDF,julia,float64,cpu,True,True,1,1331000,1.534303853478281e-05,Linear (Stat.),Hardcoded
19.93717075298805,19.970925,0.0,0.0,LDC-1331000,LDC-1331000,globalFaceBased,DynamicUpwind,julia,float64,cpu,True,True,1,1331000,1.4979091474821975e-05,Upwind (Dyn.),Dynamic
21.9978291754386,21.9877915,0.0,0.0,LDC-1331000,LDC-1331000,globalFaceBased,PrecalculatedWeightsUpwind,julia,float64,cpu,True,True,1,1331000,1.652729464721157e-05,Upwind (Prec.),Precalculated Weights
20.43320243265306,20.407684,0.0,0.0,LDC-1331000,LDC-1331000,globalFaceBased,DynamicCDF,julia,float64,cpu,True,True,1,1331000,1.535176741747037e-05,Linear (Dyn.),Dynamic
21.97040089035088,21.9726705,0.0,0.0,LDC-1331000,LDC-1331000,globalFaceBased,PrecalculatedWeightsCDF,julia,float64,cpu,True,True,1,1331000,1.6506687370661818e-05,Linear (Prec.),Precalculated Weights
19.85763186507937,19.915158,0.0,0.0,LDC-1331000,LDC-1331000,globalFaceBased,HardCodedUpwind,julia,float64,cpu,True,True,1,1331000,1.4919332731088933e-05,Upwind (Stat.),Hardcoded
18.349106065934063,18.332557,0.0,0.0,LDC-1331000,LDC-1331000,globalFaceBased,Fused,julia,float64,cpu,True,True,1,1331000,1.3785954970649184e-05,Fused,Fused
121.51343154761904,121.52227,0.0,0.0,LDC-1331000,LDC-1331000,cellBased,HardCodedCDF,julia,float64,cpu,True,True,1,1331000,9.12948396300669e-05,Linear (Stat.),Hardcoded
121.36425445238096,120.5561605,0.0,0.0,LDC-1331000,LDC-1331000,cellBased,DynamicUpwind,julia,float64,cpu,True,True,1,1331000,9.118276067045903e-05,Upwind (Dyn.),Dynamic
124.69070697560974,124.605405,0.0,0.0,LDC-1331000,LDC-1331000,cellBased,PrecalculatedWeightsUpwind,julia,float64,cpu,True,True,1,1331000,9.368197368565721e-05,Upwind (Prec.),Precalculated Weights
123.15736053658536,123.128518,0.0,0.0,LDC-1331000,LDC-1331000,cellBased,DynamicCDF,julia,float64,cpu,True,True,1,1331000,9.252994781110846e-05,Linear (Dyn.),Dynamic
124.76380524390244,124.739929,0.0,0.0,LDC-1331000,LDC-1331000,cellBased,PrecalculatedWeightsCDF,julia,float64,cpu,True,True,1,1331000,9.373689349654578e-05,Linear (Prec.),Precalculated Weights
120.70243495238095,120.671373,0.0,0.0,LDC-1331000,LDC-1331000,cellBased,HardCodedUpwind,julia,float64,cpu,True,True,1,1331000,9.068552588458374e-05,Upwind (Stat.),Hardcoded
122.24166153658535,122.202809,0.0,0.0,LDC-1331000,LDC-1331000,cellBased,Fused,julia,float64,cpu,True,True,1,1331000,9.184196959923768e-05,Fused,Fused
751.4911462857143,751.458406,0.0,0.0,LDC-54872000,LDC-54872000,faceBased,HardCodedCDF,julia,float64,cpu,True,True,1,54872000,1.3695348197363214e-05,Linear (Stat.),Hardcoded
723.1193137142857,722.970497,0.0,0.0,LDC-54872000,LDC-54872000,faceBased,DynamicUpwind,julia,float64,cpu,True,True,1,54872000,1.3178293368462708e-05,Upwind (Dyn.),Dynamic
808.7600038571428,808.136446,0.0,0.0,LDC-54872000,LDC-54872000,faceBased,PrecalculatedWeightsUpwind,julia,float64,cpu,True,True,1,54872000,1.4739029083269114e-05,Upwind (Prec.),Precalculated Weights
752.3394657142858,752.054774,0.0,0.0,LDC-54872000,LDC-54872000,faceBased,DynamicCDF,julia,float64,cpu,True,True,1,54872000,1.371080816653823e-05,Linear (Dyn.),Dynamic
807.6120948571428,807.236962,0.0,0.0,LDC-54872000,LDC-54872000,faceBased,PrecalculatedWeightsCDF,julia,float64,cpu,True,True,1,54872000,1.4718109324557931e-05,Linear (Prec.),Precalculated Weights
722.9955037142857,723.515434,0.0,0.0,LDC-54872000,LDC-54872000,faceBased,HardCodedUpwind,julia,float64,cpu,True,True,1,54872000,1.3176037026430342e-05,Upwind (Stat.),Hardcoded
686.185991375,686.701604,0.0,0.0,LDC-54872000,LDC-54872000,faceBased,Fused,julia,float64,cpu,True,True,1,54872000,1.250521197286412e-05,Fused,Fused
812.8442581428571,809.687764,0.0,0.0,LDC-54872000,LDC-54872000,globalFaceBased,HardCodedCDF,julia,float64,cpu,True,True,1,54872000,1.481346147657926e-05,Linear (Stat.),Hardcoded
783.5153234285715,783.261062,0.0,0.0,LDC-54872000,LDC-54872000,globalFaceBased,DynamicUpwind,julia,float64,cpu,True,True,1,54872000,1.4278964197196593e-05,Upwind (Dyn.),Dynamic
876.4409611666666,876.3273385,0.0,0.0,LDC-54872000,LDC-54872000,globalFaceBased,PrecalculatedWeightsUpwind,julia,float64,cpu,True,True,1,54872000,1.597246247934587e-05,Upwind (Prec.),Precalculated Weights
812.0145527142857,811.624951,0.0,0.0,LDC-54872000,LDC-54872000,globalFaceBased,DynamicCDF,julia,float64,cpu,True,True,1,54872000,1.4798340733238915e-05,Linear (Dyn.),Dynamic
874.9208088333334,874.727829,0.0,0.0,LDC-54872000,LDC-54872000,globalFaceBased,PrecalculatedWeightsCDF,julia,float64,cpu,True,True,1,54872000,1.5944758872163095e-05,Linear (Prec.),Precalculated Weights
780.7705227142857,781.127605,0.0,0.0,LDC-54872000,LDC-54872000,globalFaceBased,HardCodedUpwind,julia,float64,cpu,True,True,1,54872000,1.4228942315102159e-05,Upwind (Stat.),Hardcoded
728.5501637142858,726.134116,0.0,0.0,LDC-54872000,LDC-54872000,globalFaceBased,Fused,julia,float64,cpu,True,True,1,54872000,1.3277266433049383e-05,Fused,Fused
4904.912372,4904.912372,0.0,0.0,LDC-54872000,LDC-54872000,cellBased,HardCodedCDF,julia,float64,cpu,True,True,1,54872000,8.938825579530543e-05,Linear (Stat.),Hardcoded
5345.656967,5345.656967,0.0,0.0,LDC-54872000,LDC-54872000,cellBased,DynamicUpwind,julia,float64,cpu,True,True,1,54872000,9.742048707902026e-05,Upwind (Dyn.),Dynamic
5048.805242,5048.805242,0.0,0.0,LDC-54872000,LDC-54872000,cellBased,PrecalculatedWeightsUpwind,julia,float64,cpu,True,True,1,54872000,9.201059268843855e-05,Upwind (Prec.),Precalculated Weights
5005.483854,5005.483854,0.0,0.0,LDC-54872000,LDC-54872000,cellBased,DynamicCDF,julia,float64,cpu,True,True,1,54872000,9.122109370899548e-05,Linear (Dyn.),Dynamic
5048.453769,5048.453769,0.0,0.0,LDC-54872000,LDC-54872000,cellBased,PrecalculatedWeightsCDF,julia,float64,cpu,True,True,1,54872000,9.200418736331827e-05,Linear (Prec.),Precalculated Weights
5003.774619,5003.774619,0.0,0.0,LDC-54872000,LDC-54872000,cellBased,HardCodedUpwind,julia,float64,cpu,True,True,1,54872000,9.11899442156291e-05,Upwind (Stat.),Hardcoded
4931.945575,4931.945575,0.0,0.0,LDC-54872000,LDC-54872000,cellBased,Fused,julia,float64,cpu,True,True,1,54872000,8.988091512975652e-05,Fused,Fused
451.03541616666666,450.599113,0.0,0.0,LDC-32768000,LDC-32768000,faceBased,HardCodedCDF,julia,float64,cpu,True,True,1,32768000,1.3764508550008137e-05,Linear (Stat.),Hardcoded
433.3157006666667,432.6523665,0.0,0.0,LDC-32768000,LDC-32768000,faceBased,DynamicUpwind,julia,float64,cpu,True,True,1,32768000,1.3223745747884115e-05,Upwind (Dyn.),Dynamic
485.83742554545455,485.727019,0.0,0.0,LDC-32768000,LDC-32768000,faceBased,PrecalculatedWeightsUpwind,julia,float64,cpu,True,True,1,32768000,1.482658159013228e-05,Upwind (Prec.),Precalculated Weights
450.1202574166667,449.8765915,0.0,0.0,LDC-32768000,LDC-32768000,faceBased,DynamicCDF,julia,float64,cpu,True,True,1,32768000,1.3736580121358236e-05,Linear (Dyn.),Dynamic
483.2541717272728,482.550752,0.0,0.0,LDC-32768000,LDC-32768000,faceBased,PrecalculatedWeightsCDF,julia,float64,cpu,True,True,1,32768000,1.4747746939919214e-05,Linear (Prec.),Precalculated Weights
433.0828988333333,432.933572,0.0,0.0,LDC-32768000,LDC-32768000,faceBased,HardCodedUpwind,julia,float64,cpu,True,True,1,32768000,1.321664119974772e-05,Upwind (Stat.),Hardcoded
409.2681308461538,409.170752,0.0,0.0,LDC-32768000,LDC-32768000,faceBased,Fused,julia,float64,cpu,True,True,1,32768000,1.248987215717022e-05,Fused,Fused
483.4679694545454,483.334146,0.0,0.0,LDC-32768000,LDC-32768000,globalFaceBased,HardCodedCDF,julia,float64,cpu,True,True,1,32768000,1.4754271528764203e-05,Linear (Stat.),Hardcoded
468.5495538181818,468.515427,0.0,0.0,LDC-32768000,LDC-32768000,globalFaceBased,DynamicUpwind,julia,float64,cpu,True,True,1,32768000,1.4298997614080254e-05,Upwind (Dyn.),Dynamic
522.8370749,522.937814,0.0,0.0,LDC-32768000,LDC-32768000,globalFaceBased,PrecalculatedWeightsUpwind,julia,float64,cpu,True,True,1,32768000,1.5955721279907226e-05,Upwind (Prec.),Precalculated Weights
484.251223,484.115359,0.0,0.0,LDC-32768000,LDC-32768000,globalFaceBased,DynamicCDF,julia,float64,cpu,True,True,1,32768000,1.4778174530029297e-05,Linear (Dyn.),Dynamic
522.8854543,522.8429035,0.0,0.0,LDC-32768000,LDC-32768000,globalFaceBased,PrecalculatedWeightsCDF,julia,float64,cpu,True,True,1,32768000,1.5957197702026367e-05,Linear (Prec.),Precalculated Weights
468.5894165454546,468.48117,0.0,0.0,LDC-32768000,LDC-32768000,globalFaceBased,HardCodedUpwind,julia,float64,cpu,True,True,1,32768000,1.4300214127974079e-05,Upwind (Stat.),Hardcoded
437.0266016666667,436.786178,0.0,0.0,LDC-32768000,LDC-32768000,globalFaceBased,Fused,julia,float64,cpu,True,True,1,32768000,1.3336993459065756e-05,Fused,Fused
2976.3605615,2976.3605615,0.0,0.0,LDC-32768000,LDC-32768000,cellBased,HardCodedCDF,julia,float64,cpu,True,True,1,32768000,9.083131596374512e-05,Linear (Stat.),Hardcoded
3030.366662,3030.366662,0.0,0.0,LDC-32768000,LDC-32768000,cellBased,DynamicUpwind,julia,float64,cpu,True,True,1,32768000,9.247945135498047e-05,Upwind (Dyn.),Dynamic
3099.5681445,3099.5681445,0.0,0.0,LDC-32768000,LDC-32768000,cellBased,PrecalculatedWeightsUpwind,julia,float64,cpu,True,True,1,32768000,9.459131300354004e-05,Upwind (Prec.),Precalculated Weights
2944.0182315,2944.0182315,0.0,0.0,LDC-32768000,LDC-32768000,cellBased,DynamicCDF,julia,float64,cpu,True,True,1,32768000,8.98443063812256e-05,Linear (Dyn.),Dynamic
3036.19632,3036.19632,0.0,0.0,LDC-32768000,LDC-32768000,cellBased,PrecalculatedWeightsCDF,julia,float64,cpu,True,True,1,32768000,9.26573583984375e-05,Linear (Prec.),Precalculated Weights
2921.048519,2921.048519,0.0,0.0,LDC-32768000,LDC-32768000,cellBased,HardCodedUpwind,julia,float64,cpu,True,True,1,32768000,8.914332638549804e-05,Upwind (Stat.),Hardcoded
2999.9061735,2999.9061735,0.0,0.0,LDC-32768000,LDC-32768000,cellBased,Fused,julia,float64,cpu,True,True,1,32768000,9.154987101745605e-05,Fused,Fused
883.4589365,882.2136845,0.0,0.0,LDC-64000000,LDC-64000000,faceBased,HardCodedCDF,julia,float64,cpu,True,True,1,64000000,1.38040458828125e-05,Linear (Stat.),Hardcoded
856.3086861666666,856.524412,0.0,0.0,LDC-64000000,LDC-64000000,faceBased,DynamicUpwind,julia,float64,cpu,True,True,1,64000000,1.3379823221354164e-05,Upwind (Dyn.),Dynamic
946.1528475,945.684425,0.0,0.0,LDC-64000000,LDC-64000000,faceBased,PrecalculatedWeightsUpwind,julia,float64,cpu,True,True,1,64000000,1.47836382421875e-05,Upwind (Prec.),Precalculated Weights
881.1766388333334,880.4048585,0.0,0.0,LDC-64000000,LDC-64000000,faceBased,DynamicCDF,julia,float64,cpu,True,True,1,64000000,1.3768384981770835e-05,Linear (Dyn.),Dynamic
945.792428,945.7723655,0.0,0.0,LDC-64000000,LDC-64000000,faceBased,PrecalculatedWeightsCDF,julia,float64,cpu,True,True,1,64000000,1.47780066875e-05,Linear (Prec.),Precalculated Weights
849.7038888333334,849.9434895,0.0,0.0,LDC-64000000,LDC-64000000,faceBased,HardCodedUpwind,julia,float64,cpu,True,True,1,64000000,1.3276623263020834e-05,Upwind (Stat.),Hardcoded
804.4131292857143,803.56327,0.0,0.0,LDC-64000000,LDC-64000000,faceBased,Fused,julia,float64,cpu,True,True,1,64000000,1.2568955145089285e-05,Fused,Fused
953.1046503333332,953.37991,0.0,0.0,LDC-64000000,LDC-64000000,globalFaceBased,HardCodedCDF,julia,float64,cpu,True,True,1,64000000,1.489226016145833e-05,Linear (Stat.),Hardcoded
927.1562798333334,927.3132215,0.0,0.0,LDC-64000000,LDC-64000000,globalFaceBased,DynamicUpwind,julia,float64,cpu,True,True,1,64000000,1.4486816872395835e-05,Upwind (Dyn.),Dynamic
1031.8418082,1033.576742,0.0,0.0,LDC-64000000,LDC-64000000,globalFaceBased,PrecalculatedWeightsUpwind,julia,float64,cpu,True,True,1,64000000,1.6122528253125002e-05,Upwind (Prec.),Precalculated Weights
950.0821206666666,949.8760675,0.0,0.0,LDC-64000000,LDC-64000000,globalFaceBased,DynamicCDF,julia,float64,cpu,True,True,1,64000000,1.4845033135416665e-05,Linear (Dyn.),Dynamic
1026.8970132,1026.320318,0.0,0.0,LDC-64000000,LDC-64000000,globalFaceBased,PrecalculatedWeightsCDF,julia,float64,cpu,True,True,1,64000000,1.604526583125e-05,Linear (Prec.),Precalculated Weights
918.8610306666666,919.008585,0.0,0.0,LDC-64000000,LDC-64000000,globalFaceBased,HardCodedUpwind,julia,float64,cpu,True,True,1,64000000,1.4357203604166665e-05,Upwind (Stat.),Hardcoded
855.9013133333334,856.027523,0.0,0.0,LDC-64000000,LDC-64000000,globalFaceBased,Fused,julia,float64,cpu,True,True,1,64000000,1.3373458020833334e-05,Fused,Fused
5754.598777,5754.598777,0.0,0.0,LDC-64000000,LDC-64000000,cellBased,HardCodedCDF,julia,float64,cpu,True,True,1,64000000,8.991560589062501e-05,Linear (Stat.),Hardcoded
5799.295922,5799.295922,0.0,0.0,LDC-64000000,LDC-64000000,cellBased,DynamicUpwind,julia,float64,cpu,True,True,1,64000000,9.061399878125e-05,Upwind (Dyn.),Dynamic
5963.396222,5963.396222,0.0,0.0,LDC-64000000,LDC-64000000,cellBased,PrecalculatedWeightsUpwind,julia,float64,cpu,True,True,1,64000000,9.317806596875e-05,Upwind (Prec.),Precalculated Weights
6084.063461,6084.063461,0.0,0.0,LDC-64000000,LDC-64000000,cellBased,DynamicCDF,julia,float64,cpu,True,True,1,64000000,9.5063491578125e-05,Linear (Dyn.),Dynamic
5999.148556,5999.148556,0.0,0.0,LDC-64000000,LDC-64000000,cellBased,PrecalculatedWeightsCDF,julia,float64,cpu,True,True,1,64000000,9.37366961875e-05,Linear (Prec.),Precalculated Weights
6119.14802,6119.14802,0.0,0.0,LDC-64000000,LDC-64000000,cellBased,HardCodedUpwind,julia,float64,cpu,True,True,1,64000000,9.561168781249999e-05,Upwind (Stat.),Hardcoded
5873.52657,5873.52657,0.0,0.0,LDC-64000000,LDC-64000000,cellBased,Fused,julia,float64,cpu,True,True,1,64000000,9.177385265625e-05,Fused,Fused
0.3581475434,0.35726,0.0,0.0,LDC-27000,LDC-27000,faceBased,HardCodedCDF,julia,float64,cpu,True,True,1,27000,1.3264723829629629e-05,Linear (Stat.),Hardcoded
0.3443651758,0.343801,0.0,0.0,LDC-27000,LDC-27000,faceBased,DynamicUpwind,julia,float64,cpu,True,True,1,27000,1.275426577037037e-05,Upwind (Dyn.),Dynamic
0.3829788896,0.382625,0.0,0.0,LDC-27000,LDC-27000,faceBased,PrecalculatedWeightsUpwind,julia,float64,cpu,True,True,1,27000,1.4184403318518518e-05,Upwind (Prec.),Precalculated Weights
0.3574756171,0.35713,0.0,0.0,LDC-27000,LDC-27000,faceBased,DynamicCDF,julia,float64,cpu,True,True,1,27000,1.323983767037037e-05,Linear (Dyn.),Dynamic
0.3827631607,0.382514,0.0,0.0,LDC-27000,LDC-27000,faceBased,PrecalculatedWeightsCDF,julia,float64,cpu,True,True,1,27000,1.417641335925926e-05,Linear (Prec.),Precalculated Weights
0.3435774293,0.343301,0.0,0.0,LDC-27000,LDC-27000,faceBased,HardCodedUpwind,julia,float64,cpu,True,True,1,27000,1.2725089974074075e-05,Upwind (Stat.),Hardcoded
0.325220798,0.325016,0.0,0.0,LDC-27000,LDC-27000,faceBased,Fused,julia,float64,cpu,True,True,1,27000,1.204521474074074e-05,Fused,Fused
0.4063032502,0.4055915,0.0,0.0,LDC-27000,LDC-27000,globalFaceBased,HardCodedCDF,julia,float64,cpu,True,True,1,27000,1.5048268525925927e-05,Linear (Stat.),Hardcoded
0.3939312608999999,0.39354,0.0,0.0,LDC-27000,LDC-27000,globalFaceBased,DynamicUpwind,julia,float64,cpu,True,True,1,27000,1.4590046699999996e-05,Upwind (Dyn.),Dynamic
0.4350522404,0.434726,0.0,0.0,LDC-27000,LDC-27000,globalFaceBased,PrecalculatedWeightsUpwind,julia,float64,cpu,True,True,1,27000,1.611304594074074e-05,Upwind (Prec.),Precalculated Weights
0.4052588917999999,0.404945,0.0,0.0,LDC-27000,LDC-27000,globalFaceBased,DynamicCDF,julia,float64,cpu,True,True,1,27000,1.5009588585185182e-05,Linear (Dyn.),Dynamic
0.4350295333,0.434826,0.0,0.0,LDC-27000,LDC-27000,globalFaceBased,PrecalculatedWeightsCDF,julia,float64,cpu,True,True,1,27000,1.6112204937037037e-05,Linear (Prec.),Precalculated Weights
0.3932742702999999,0.392939,0.0,0.0,LDC-27000,LDC-27000,globalFaceBased,HardCodedUpwind,julia,float64,cpu,True,True,1,27000,1.4565713714814812e-05,Upwind (Stat.),Hardcoded
0.3658182862999999,0.365541,0.0,0.0,LDC-27000,LDC-27000,globalFaceBased,Fused,julia,float64,cpu,True,True,1,27000,1.3548825418518515e-05,Fused,Fused
1.034109648531237,1.0189325,0.007694238932561,0.0,LDC-27000,LDC-27000,cellBased,HardCodedCDF,julia,float64,cpu,True,True,1,27000,3.830035735300878e-05,Linear (Stat.),Hardcoded
1.0318258689370483,1.014622,0.0079147541795665,0.0,LDC-27000,LDC-27000,cellBased,DynamicUpwind,julia,float64,cpu,True,True,1,27000,3.821577292359438e-05,Upwind (Dyn.),Dynamic
1.0825098107405804,1.0647655,0.0074693993070593,0.0,LDC-27000,LDC-27000,cellBased,PrecalculatedWeightsUpwind,julia,float64,cpu,True,True,1,27000,4.009295595335483e-05,Upwind (Prec.),Precalculated Weights
1.0342263088539512,1.017335,0.007961579851055,0.0,LDC-27000,LDC-27000,cellBased,DynamicCDF,julia,float64,cpu,True,True,1,27000,3.83046781057019e-05,Linear (Dyn.),Dynamic
1.0809837247567569,1.064961,0.0075090944864864,0.0,LDC-27000,LDC-27000,cellBased,PrecalculatedWeightsCDF,julia,float64,cpu,True,True,1,27000,4.0036434250250255e-05,Linear (Prec.),Precalculated Weights
1.038176176116303,1.019599,0.0081265472481827,0.0,LDC-27000,LDC-27000,cellBased,HardCodedUpwind,julia,float64,cpu,True,True,1,27000,3.8450969485789005e-05,Upwind (Stat.),Hardcoded
1.0682785101387409,1.05028,0.0084444697972251,0.0,LDC-27000,LDC-27000,cellBased,Fused,julia,float64,cpu,True,True,1,27000,3.956587074587929e-05,Fused,Fused
296.1499611764706,296.122197,0.0,0.0,LDC-21952000,LDC-21952000,faceBased,HardCodedCDF,julia,float64,cpu,True,True,1,21952000,1.34907963363917e-05,Linear (Stat.),Hardcoded
285.0505802222222,284.7108695,0.0,0.0,LDC-21952000,LDC-21952000,faceBased,DynamicUpwind,julia,float64,cpu,True,True,1,21952000,1.2985175848315517e-05,Upwind (Dyn.),Dynamic
318.166095625,318.1192005,0.0,0.0,LDC-21952000,LDC-21952000,faceBased,PrecalculatedWeightsUpwind,julia,float64,cpu,True,True,1,21952000,1.449371791294643e-05,Upwind (Prec.),Precalculated Weights
296.201992,296.103823,0.0,0.0,LDC-21952000,LDC-21952000,faceBased,DynamicCDF,julia,float64,cpu,True,True,1,21952000,1.3493166545189506e-05,Linear (Dyn.),Dynamic
318.3137610625,318.2731565,0.0,0.0,LDC-21952000,LDC-21952000,faceBased,PrecalculatedWeightsCDF,julia,float64,cpu,True,True,1,21952000,1.4500444654815052e-05,Linear (Prec.),Precalculated Weights
285.79226266666666,285.9357365,0.0,0.0,LDC-21952000,LDC-21952000,faceBased,HardCodedUpwind,julia,float64,cpu,True,True,1,21952000,1.301896240281827e-05,Upwind (Stat.),Hardcoded
269.09344431578944,269.201557,0.0,0.0,LDC-21952000,LDC-21952000,faceBased,Fused,julia,float64,cpu,True,True,1,21952000,1.2258265502723644e-05,Fused,Fused
321.0608164375,321.061479,0.0,0.0,LDC-21952000,LDC-21952000,globalFaceBased,HardCodedCDF,julia,float64,cpu,True,True,1,21952000,1.462558383917183e-05,Linear (Stat.),Hardcoded
310.4520147058824,310.098942,0.0,0.0,LDC-21952000,LDC-21952000,globalFaceBased,DynamicUpwind,julia,float64,cpu,True,True,1,21952000,1.4142311165537645e-05,Upwind (Dyn.),Dynamic
346.12399213333333,346.106164,0.0,0.0,LDC-21952000,LDC-21952000,globalFaceBased,PrecalculatedWeightsUpwind,julia,float64,cpu,True,True,1,21952000,1.5767310137269192e-05,Upwind (Prec.),Precalculated Weights
321.9736725625,321.829162,0.0,0.0,LDC-21952000,LDC-21952000,globalFaceBased,DynamicCDF,julia,float64,cpu,True,True,1,21952000,1.466716802853954e-05,Linear (Dyn.),Dynamic
346.3784194,346.416901,0.0,0.0,LDC-21952000,LDC-21952000,globalFaceBased,PrecalculatedWeightsCDF,julia,float64,cpu,True,True,1,21952000,1.5778900300655977e-05,Linear (Prec.),Precalculated Weights
310.85076541176466,311.087058,0.0,0.0,LDC-21952000,LDC-21952000,globalFaceBased,HardCodedUpwind,julia,float64,cpu,True,True,1,21952000,1.416047582961756e-05,Upwind (Stat.),Hardcoded
288.5607108888889,288.7483265,0.0,0.0,LDC-21952000,LDC-21952000,globalFaceBased,Fused,julia,float64,cpu,True,True,1,21952000,1.3145076115565274e-05,Fused,Fused
1945.0031483333328,1942.724426,0.0,0.0,LDC-21952000,LDC-21952000,cellBased,HardCodedCDF,julia,float64,cpu,True,True,1,21952000,8.860254866678811e-05,Linear (Stat.),Hardcoded
1949.5981516666668,1946.80253,0.0,0.0,LDC-21952000,LDC-21952000,cellBased,DynamicUpwind,julia,float64,cpu,True,True,1,21952000,8.881186915391158e-05,Upwind (Dyn.),Dynamic
2044.2120096666667,2035.412783,0.0,0.0,LDC-21952000,LDC-21952000,cellBased,PrecalculatedWeightsUpwind,julia,float64,cpu,True,True,1,21952000,9.312190277271623e-05,Upwind (Prec.),Precalculated Weights
1942.0164046666669,1942.142768,0.0,0.0,LDC-21952000,LDC-21952000,cellBased,DynamicCDF,julia,float64,cpu,True,True,1,21952000,8.846649073736638e-05,Linear (Dyn.),Dynamic
2086.996829333333,2107.37021,0.0,0.0,LDC-21952000,LDC-21952000,cellBased,PrecalculatedWeightsCDF,julia,float64,cpu,True,True,1,21952000,9.507091970359572e-05,Linear (Prec.),Precalculated Weights
1954.8129616666668,1953.144239,0.0,0.0,LDC-21952000,LDC-21952000,cellBased,HardCodedUpwind,julia,float64,cpu,True,True,1,21952000,8.904942427417396e-05,Upwind (Stat.),Hardcoded
1988.7817156666667,1982.695607,0.0,0.0,LDC-21952000,LDC-21952000,cellBased,Fused,julia,float64,cpu,True,True,1,21952000,9.059683471513605e-05,Fused,Fused
