time_mean_ms,time_median_ms,gc_time_mean_ms,gc_time_median_ms,case,case_long,strategy,variant,language,precision,executor,use_kernelAbstractions,use_fusing,Threads
443.9681579166667,443.076358,0.0,0.0,LDC-27000000,LDC-27000000,faceBased,HardCodedCDF,julia,float64,cpu,true,true,1
438.32541375,438.3634415,0.0,0.0,LDC-27000000,LDC-27000000,faceBased,DynamicUpwind,julia,float64,cpu,true,true,1
481.29246490909094,481.193953,0.0,0.0,LDC-27000000,LDC-27000000,faceBased,PrecalculatedWeightsUpwind,julia,float64,cpu,true,true,1
455.29176275,444.272553,0.0,0.0,LDC-27000000,LDC-27000000,faceBased,DynamicCDF,julia,float64,cpu,true,true,1
507.949865,499.364822,0.0,0.0,LDC-27000000,LDC-27000000,faceBased,PrecalculatedWeightsCDF,julia,float64,cpu,true,true,1
462.43263109090907,471.831057,0.0,0.0,LDC-27000000,LDC-27000000,faceBased,HardCodedUpwind,julia,float64,cpu,true,true,1

467.95708109090907,468.554461,0.0,0.0,LDC-27000000,LDC-27000000,globalFaceBased,HardCodedCDF,julia,float64,cpu,true,true,1
461.7277363636364,462.139449,0.0,0.0,LDC-27000000,LDC-27000000,globalFaceBased,DynamicUpwind,julia,float64,cpu,true,true,1
509.3835636,509.241394,0.0,0.0,LDC-27000000,LDC-27000000,globalFaceBased,PrecalculatedWeightsUpwind,julia,float64,cpu,true,true,1
498.35752572727273,503.402655,0.0,0.0,LDC-27000000,LDC-27000000,globalFaceBased,DynamicCDF,julia,float64,cpu,true,true,1
541.6179186,546.6115505,0.0,0.0,LDC-27000000,LDC-27000000,globalFaceBased,PrecalculatedWeightsCDF,julia,float64,cpu,true,true,1
474.99004045454546,464.955582,0.0,0.0,LDC-27000000,LDC-27000000,globalFaceBased,HardCodedUpwind,julia,float64,cpu,true,true,1

3027.2636195,3027.2636195,0.0,0.0,LDC-27000000,LDC-27000000,cellBased,HardCodedCDF,julia,float64,cpu,true,true,1
2869.7537195,2869.7537195,0.0,0.0,LDC-27000000,LDC-27000000,cellBased,DynamicUpwind,julia,float64,cpu,true,true,1
3021.1186485,3021.1186485,0.0,0.0,LDC-27000000,LDC-27000000,cellBased,PrecalculatedWeightsUpwind,julia,float64,cpu,true,true,1
3034.757034,3034.757034,0.0,0.0,LDC-27000000,LDC-27000000,cellBased,DynamicCDF,julia,float64,cpu,true,true,1
2975.831009,2975.831009,0.0,0.0,LDC-27000000,LDC-27000000,cellBased,PrecalculatedWeightsCDF,julia,float64,cpu,true,true,1
2927.046004,2927.046004,0.0,0.0,LDC-27000000,LDC-27000000,cellBased,HardCodedUpwind,julia,float64,cpu,true,true,1

472.9368301818182,462.165596,0.0,0.0,LDC-27000000,LDC-27000000,faceBased,HardCodedCDF,julia,float64,cpu,true,true,2
431.86318316666666,429.0836565,0.0,0.0,LDC-27000000,LDC-27000000,faceBased,DynamicUpwind,julia,float64,cpu,true,true,2
472.54675636363635,436.651549,0.0,0.0,LDC-27000000,LDC-27000000,faceBased,PrecalculatedWeightsUpwind,julia,float64,cpu,true,true,2
438.3613745833333,424.933119,0.0,0.0,LDC-27000000,LDC-27000000,faceBased,DynamicCDF,julia,float64,cpu,true,true,2
465.41653163636363,435.226229,0.0,0.0,LDC-27000000,LDC-27000000,faceBased,PrecalculatedWeightsCDF,julia,float64,cpu,true,true,2
425.8166755,425.702707,0.0,0.0,LDC-27000000,LDC-27000000,faceBased,HardCodedUpwind,julia,float64,cpu,true,true,2

478.4408557272728,478.375658,0.0,0.0,LDC-27000000,LDC-27000000,globalFaceBased,HardCodedCDF,julia,float64,cpu,true,true,2
474.4401029090909,474.561744,0.0,0.0,LDC-27000000,LDC-27000000,globalFaceBased,DynamicUpwind,julia,float64,cpu,true,true,2
488.81276645454545,488.677617,0.0,0.0,LDC-27000000,LDC-27000000,globalFaceBased,PrecalculatedWeightsUpwind,julia,float64,cpu,true,true,2
476.1209134545454,476.068967,0.0,0.0,LDC-27000000,LDC-27000000,globalFaceBased,DynamicCDF,julia,float64,cpu,true,true,2
488.97511163636364,488.941089,0.0,0.0,LDC-27000000,LDC-27000000,globalFaceBased,PrecalculatedWeightsCDF,julia,float64,cpu,true,true,2
475.7661991818182,475.260936,0.0,0.0,LDC-27000000,LDC-27000000,globalFaceBased,HardCodedUpwind,julia,float64,cpu,true,true,2

444.9743423333333,444.8387285,0.0,0.0,LDC-27000000,LDC-27000000,batchedFace,HardCodedCDF,julia,float64,cpu,true,true,2
445.0267776666667,444.9935555,0.0,0.0,LDC-27000000,LDC-27000000,batchedFace,DynamicUpwind,julia,float64,cpu,true,true,2
490.7678578181818,490.771135,0.0,0.0,LDC-27000000,LDC-27000000,batchedFace,PrecalculatedWeightsUpwind,julia,float64,cpu,true,true,2
447.53136625,448.1674915,0.0,0.0,LDC-27000000,LDC-27000000,batchedFace,DynamicCDF,julia,float64,cpu,true,true,2
491.92245745454545,489.866861,0.0,0.0,LDC-27000000,LDC-27000000,batchedFace,PrecalculatedWeightsCDF,julia,float64,cpu,true,true,2
444.525591,441.710561,0.0,0.0,LDC-27000000,LDC-27000000,batchedFace,HardCodedUpwind,julia,float64,cpu,true,true,2

1432.4158355,1345.7041215,0.0,0.0,LDC-27000000,LDC-27000000,cellBased,HardCodedCDF,julia,float64,cpu,true,true,2
1352.0816385,1351.3086535,0.0,0.0,LDC-27000000,LDC-27000000,cellBased,DynamicUpwind,julia,float64,cpu,true,true,2
1390.8417615,1383.6585865,0.0,0.0,LDC-27000000,LDC-27000000,cellBased,PrecalculatedWeightsUpwind,julia,float64,cpu,true,true,2
1351.324618,1347.1131495,0.0,0.0,LDC-27000000,LDC-27000000,cellBased,DynamicCDF,julia,float64,cpu,true,true,2
1487.27509025,1398.891187,0.0,0.0,LDC-27000000,LDC-27000000,cellBased,PrecalculatedWeightsCDF,julia,float64,cpu,true,true,2
1440.44616775,1437.602463,0.0,0.0,LDC-27000000,LDC-27000000,cellBased,HardCodedUpwind,julia,float64,cpu,true,true,2

256.42516245,226.5124485,0.0,0.0,LDC-27000000,LDC-27000000,faceBased,HardCodedCDF,julia,float64,cpu,true,true,4
230.67272059090908,230.2004745,0.0,0.0,LDC-27000000,LDC-27000000,faceBased,DynamicUpwind,julia,float64,cpu,true,true,4
264.12303955,253.2099145,0.0,0.0,LDC-27000000,LDC-27000000,faceBased,PrecalculatedWeightsUpwind,julia,float64,cpu,true,true,4
232.11521513636362,226.868118,0.0,0.0,LDC-27000000,LDC-27000000,faceBased,DynamicCDF,julia,float64,cpu,true,true,4
275.75620942105263,259.230689,0.0,0.0,LDC-27000000,LDC-27000000,faceBased,PrecalculatedWeightsCDF,julia,float64,cpu,true,true,4
230.96265672727273,229.946991,0.0,0.0,LDC-27000000,LDC-27000000,faceBased,HardCodedUpwind,julia,float64,cpu,true,true,4

242.9490962857143,242.384854,0.0,0.0,LDC-27000000,LDC-27000000,globalFaceBased,HardCodedCDF,julia,float64,cpu,true,true,4
253.95106280000002,246.21081,0.0,0.0,LDC-27000000,LDC-27000000,globalFaceBased,DynamicUpwind,julia,float64,cpu,true,true,4
259.60899005,251.518078,0.0,0.0,LDC-27000000,LDC-27000000,globalFaceBased,PrecalculatedWeightsUpwind,julia,float64,cpu,true,true,4
241.99707619047618,241.963785,0.0,0.0,LDC-27000000,LDC-27000000,globalFaceBased,DynamicCDF,julia,float64,cpu,true,true,4
250.92990515,252.204817,0.0,0.0,LDC-27000000,LDC-27000000,globalFaceBased,PrecalculatedWeightsCDF,julia,float64,cpu,true,true,4
243.73426076190478,243.155864,0.0,0.0,LDC-27000000,LDC-27000000,globalFaceBased,HardCodedUpwind,julia,float64,cpu,true,true,4

344.0046011333333,342.198925,0.0,0.0,LDC-27000000,LDC-27000000,batchedFace,HardCodedCDF,julia,float64,cpu,true,true,4
342.7854514,341.507474,0.0,0.0,LDC-27000000,LDC-27000000,batchedFace,DynamicUpwind,julia,float64,cpu,true,true,4
372.20528328571424,370.8902125,0.0,0.0,LDC-27000000,LDC-27000000,batchedFace,PrecalculatedWeightsUpwind,julia,float64,cpu,true,true,4
354.8976752666666,353.267755,0.0,0.0,LDC-27000000,LDC-27000000,batchedFace,DynamicCDF,julia,float64,cpu,true,true,4
381.3281012857143,379.8602815,0.0,0.0,LDC-27000000,LDC-27000000,batchedFace,PrecalculatedWeightsCDF,julia,float64,cpu,true,true,4
349.4050489333333,347.768724,0.0,0.0,LDC-27000000,LDC-27000000,batchedFace,HardCodedUpwind,julia,float64,cpu,true,true,4

1036.8623772,966.38173,0.0,0.0,LDC-27000000,LDC-27000000,cellBased,HardCodedCDF,julia,float64,cpu,true,true,4
988.1314253333334,969.5410145,0.0,0.0,LDC-27000000,LDC-27000000,cellBased,DynamicUpwind,julia,float64,cpu,true,true,4
1017.0904704,978.633939,0.0,0.0,LDC-27000000,LDC-27000000,cellBased,PrecalculatedWeightsUpwind,julia,float64,cpu,true,true,4
1036.728451,947.574528,0.0,0.0,LDC-27000000,LDC-27000000,cellBased,DynamicCDF,julia,float64,cpu,true,true,4
974.476772,974.4670535,0.0,0.0,LDC-27000000,LDC-27000000,cellBased,PrecalculatedWeightsCDF,julia,float64,cpu,true,true,4
943.3184576666666,943.482316,0.0,0.0,LDC-27000000,LDC-27000000,cellBased,HardCodedUpwind,julia,float64,cpu,true,true,4

128.909158,126.209131,0.0,0.0,LDC-27000000,LDC-27000000,faceBased,HardCodedCDF,julia,float64,cpu,true,true,8
130.06920456410256,126.885361,0.0,0.0,LDC-27000000,LDC-27000000,faceBased,DynamicUpwind,julia,float64,cpu,true,true,8
128.9275753076923,128.405201,0.0,0.0,LDC-27000000,LDC-27000000,faceBased,PrecalculatedWeightsUpwind,julia,float64,cpu,true,true,8
135.5495140810811,127.833645,0.0,0.0,LDC-27000000,LDC-27000000,faceBased,DynamicCDF,julia,float64,cpu,true,true,8
132.05196684210526,128.4347575,0.0,0.0,LDC-27000000,LDC-27000000,faceBased,PrecalculatedWeightsCDF,julia,float64,cpu,true,true,8
125.7282053,126.0143945,0.0,0.0,LDC-27000000,LDC-27000000,faceBased,HardCodedUpwind,julia,float64,cpu,true,true,8

139.6318512777778,131.868263,0.0,0.0,LDC-27000000,LDC-27000000,globalFaceBased,HardCodedCDF,julia,float64,cpu,true,true,8
137.35868997297297,133.619321,0.0,0.0,LDC-27000000,LDC-27000000,globalFaceBased,DynamicUpwind,julia,float64,cpu,true,true,8
135.16433735135135,135.524641,0.0,0.0,LDC-27000000,LDC-27000000,globalFaceBased,PrecalculatedWeightsUpwind,julia,float64,cpu,true,true,8
135.53758545945945,130.910957,0.0,0.0,LDC-27000000,LDC-27000000,globalFaceBased,DynamicCDF,julia,float64,cpu,true,true,8
137.0028818108108,137.226111,0.0,0.0,LDC-27000000,LDC-27000000,globalFaceBased,PrecalculatedWeightsCDF,julia,float64,cpu,true,true,8
137.70621702702704,133.715364,0.0,0.0,LDC-27000000,LDC-27000000,globalFaceBased,HardCodedUpwind,julia,float64,cpu,true,true,8

304.8701780588235,305.0521,0.0,0.0,LDC-27000000,LDC-27000000,batchedFace,HardCodedCDF,julia,float64,cpu,true,true,8
305.70347264705885,305.955982,0.0,0.0,LDC-27000000,LDC-27000000,batchedFace,DynamicUpwind,julia,float64,cpu,true,true,8
327.4165835,327.495592,0.0,0.0,LDC-27000000,LDC-27000000,batchedFace,PrecalculatedWeightsUpwind,julia,float64,cpu,true,true,8
305.07465970588237,304.669764,0.0,0.0,LDC-27000000,LDC-27000000,batchedFace,DynamicCDF,julia,float64,cpu,true,true,8
327.554026375,327.761308,0.0,0.0,LDC-27000000,LDC-27000000,batchedFace,PrecalculatedWeightsCDF,julia,float64,cpu,true,true,8
304.75363370588235,304.807323,0.0,0.0,LDC-27000000,LDC-27000000,batchedFace,HardCodedUpwind,julia,float64,cpu,true,true,8

463.6247976363636,463.033312,0.0,0.0,LDC-27000000,LDC-27000000,cellBased,HardCodedCDF,julia,float64,cpu,true,true,8
464.05572654545455,464.221826,0.0,0.0,LDC-27000000,LDC-27000000,cellBased,DynamicUpwind,julia,float64,cpu,true,true,8
478.0076901818182,478.401724,0.0,0.0,LDC-27000000,LDC-27000000,cellBased,PrecalculatedWeightsUpwind,julia,float64,cpu,true,true,8
463.42352145454544,463.695622,0.0,0.0,LDC-27000000,LDC-27000000,cellBased,DynamicCDF,julia,float64,cpu,true,true,8
476.81431909090907,476.943078,0.0,0.0,LDC-27000000,LDC-27000000,cellBased,PrecalculatedWeightsCDF,julia,float64,cpu,true,true,8
462.88882109090906,462.89391,0.0,0.0,LDC-27000000,LDC-27000000,cellBased,HardCodedUpwind,julia,float64,cpu,true,true,8

98.04441488235295,97.864292,0.0,0.0,LDC-27000000,LDC-27000000,faceBased,HardCodedCDF,julia,float64,cpu,true,true,16
82.26886504918033,79.520008,0.0,0.0,LDC-27000000,LDC-27000000,faceBased,DynamicUpwind,julia,float64,cpu,true,true,16
82.71776259016393,81.777922,0.0,0.0,LDC-27000000,LDC-27000000,faceBased,PrecalculatedWeightsUpwind,julia,float64,cpu,true,true,16
80.84688893548388,76.8042975,0.0,0.0,LDC-27000000,LDC-27000000,faceBased,DynamicCDF,julia,float64,cpu,true,true,16
87.04806020689657,79.838886,0.0,0.0,LDC-27000000,LDC-27000000,faceBased,PrecalculatedWeightsCDF,julia,float64,cpu,true,true,16
75.76370474242425,73.5002645,0.0,0.0,LDC-27000000,LDC-27000000,faceBased,HardCodedUpwind,julia,float64,cpu,true,true,16

80.56938666666667,80.324784,0.0,0.0,LDC-27000000,LDC-27000000,globalFaceBased,HardCodedCDF,julia,float64,cpu,true,true,16
80.66793641935485,79.0309345,0.0,0.0,LDC-27000000,LDC-27000000,globalFaceBased,DynamicUpwind,julia,float64,cpu,true,true,16
86.49189629310344,83.698408,0.0,0.0,LDC-27000000,LDC-27000000,globalFaceBased,PrecalculatedWeightsUpwind,julia,float64,cpu,true,true,16
86.68850868965517,78.681469,0.0,0.0,LDC-27000000,LDC-27000000,globalFaceBased,DynamicCDF,julia,float64,cpu,true,true,16
83.65929276666667,84.030469,0.0,0.0,LDC-27000000,LDC-27000000,globalFaceBased,PrecalculatedWeightsCDF,julia,float64,cpu,true,true,16
78.184609734375,78.077614,0.0,0.0,LDC-27000000,LDC-27000000,globalFaceBased,HardCodedUpwind,julia,float64,cpu,true,true,16

238.67051095454548,231.943038,0.0,0.0,LDC-27000000,LDC-27000000,batchedFace,HardCodedCDF,julia,float64,cpu,true,true,16
228.97934981818182,228.775097,0.0,0.0,LDC-27000000,LDC-27000000,batchedFace,DynamicUpwind,julia,float64,cpu,true,true,16
250.14618585,250.1631675,0.0,0.0,LDC-27000000,LDC-27000000,batchedFace,PrecalculatedWeightsUpwind,julia,float64,cpu,true,true,16
248.3843700952381,232.013921,0.0,0.0,LDC-27000000,LDC-27000000,batchedFace,DynamicCDF,julia,float64,cpu,true,true,16
251.45799265,248.9755045,0.0,0.0,LDC-27000000,LDC-27000000,batchedFace,PrecalculatedWeightsCDF,julia,float64,cpu,true,true,16
227.95673822727272,227.9457365,0.0,0.0,LDC-27000000,LDC-27000000,batchedFace,HardCodedUpwind,julia,float64,cpu,true,true,16

271.7999432105263,262.953936,0.0,0.0,LDC-27000000,LDC-27000000,cellBased,HardCodedCDF,julia,float64,cpu,true,true,16
279.8372875555556,263.5135195,0.0,0.0,LDC-27000000,LDC-27000000,cellBased,DynamicUpwind,julia,float64,cpu,true,true,16
287.4413356666667,282.077667,0.0,0.0,LDC-27000000,LDC-27000000,cellBased,PrecalculatedWeightsUpwind,julia,float64,cpu,true,true,16
280.49727633333333,262.924675,0.0,0.0,LDC-27000000,LDC-27000000,cellBased,DynamicCDF,julia,float64,cpu,true,true,16
289.4556134444444,278.8840815,0.0,0.0,LDC-27000000,LDC-27000000,cellBased,PrecalculatedWeightsCDF,julia,float64,cpu,true,true,16
269.88178515789474,264.988474,0.0,0.0,LDC-27000000,LDC-27000000,cellBased,HardCodedUpwind,julia,float64,cpu,true,true,16

68.11257198648649,65.1128665,0.0,0.0,LDC-27000000,LDC-27000000,faceBased,HardCodedCDF,julia,float64,cpu,true,true,32
66.04074719736842,64.0595875,0.0,0.0,LDC-27000000,LDC-27000000,faceBased,DynamicUpwind,julia,float64,cpu,true,true,32
65.58557054545454,63.258376,0.0,0.0,LDC-27000000,LDC-27000000,faceBased,PrecalculatedWeightsUpwind,julia,float64,cpu,true,true,32
54.953122384615384,54.884021,0.0,0.0,LDC-27000000,LDC-27000000,faceBased,DynamicCDF,julia,float64,cpu,true,true,32
57.040482090909094,57.7040935,0.0,0.0,LDC-27000000,LDC-27000000,faceBased,PrecalculatedWeightsCDF,julia,float64,cpu,true,true,32
50.706144646464644,47.895901,0.0,0.0,LDC-27000000,LDC-27000000,faceBased,HardCodedUpwind,julia,float64,cpu,true,true,32

49.77182298019802,47.965346,0.0,0.0,LDC-27000000,LDC-27000000,globalFaceBased,HardCodedCDF,julia,float64,cpu,true,true,32
50.56055026262626,48.802108,0.0,0.0,LDC-27000000,LDC-27000000,globalFaceBased,DynamicUpwind,julia,float64,cpu,true,true,32
51.47169104081633,51.450464,0.0,0.0,LDC-27000000,LDC-27000000,globalFaceBased,PrecalculatedWeightsUpwind,julia,float64,cpu,true,true,32
49.422813774509805,47.886558,0.0,0.0,LDC-27000000,LDC-27000000,globalFaceBased,DynamicCDF,julia,float64,cpu,true,true,32
55.267834439560446,50.011049,0.0,0.0,LDC-27000000,LDC-27000000,globalFaceBased,PrecalculatedWeightsCDF,julia,float64,cpu,true,true,32
52.19065936458333,47.559474,0.0,0.0,LDC-27000000,LDC-27000000,globalFaceBased,HardCodedUpwind,julia,float64,cpu,true,true,32

136.97297505405405,133.705497,0.0,0.0,LDC-27000000,LDC-27000000,batchedFace,HardCodedCDF,julia,float64,cpu,true,true,32
137.47997421621622,132.833208,0.0,0.0,LDC-27000000,LDC-27000000,batchedFace,DynamicUpwind,julia,float64,cpu,true,true,32
155.80978715151517,151.366643,0.0,0.0,LDC-27000000,LDC-27000000,batchedFace,PrecalculatedWeightsUpwind,julia,float64,cpu,true,true,32
141.48418944444444,141.448549,0.0,0.0,LDC-27000000,LDC-27000000,batchedFace,DynamicCDF,julia,float64,cpu,true,true,32
166.9317199032258,152.089557,0.0,0.0,LDC-27000000,LDC-27000000,batchedFace,PrecalculatedWeightsCDF,julia,float64,cpu,true,true,32
146.40844005714285,140.494031,0.0,0.0,LDC-27000000,LDC-27000000,batchedFace,HardCodedUpwind,julia,float64,cpu,true,true,32

153.84785672727273,149.164444,0.0,0.0,LDC-27000000,LDC-27000000,cellBased,HardCodedCDF,julia,float64,cpu,true,true,32
158.93853646875,153.474857,0.0,0.0,LDC-27000000,LDC-27000000,cellBased,DynamicUpwind,julia,float64,cpu,true,true,32
157.6909950909091,154.30236,0.0,0.0,LDC-27000000,LDC-27000000,cellBased,PrecalculatedWeightsUpwind,julia,float64,cpu,true,true,32
154.49621166666665,149.734188,0.0,0.0,LDC-27000000,LDC-27000000,cellBased,DynamicCDF,julia,float64,cpu,true,true,32
164.90192177419357,155.805877,0.0,0.0,LDC-27000000,LDC-27000000,cellBased,PrecalculatedWeightsCDF,julia,float64,cpu,true,true,32
160.20768134375,155.764866,0.0,0.0,LDC-27000000,LDC-27000000,cellBased,HardCodedUpwind,julia,float64,cpu,true,true,32

70.64744016901408,68.692794,0.0,0.0,LDC-27000000,LDC-27000000,faceBased,HardCodedCDF,julia,float64,cpu,true,true,64
49.29417574509804,47.3437455,0.0,0.0,LDC-27000000,LDC-27000000,faceBased,DynamicUpwind,julia,float64,cpu,true,true,64
39.006499728682165,38.401037,0.0,0.0,LDC-27000000,LDC-27000000,faceBased,PrecalculatedWeightsUpwind,julia,float64,cpu,true,true,64
37.106318725925924,37.030523,0.0,0.0,LDC-27000000,LDC-27000000,faceBased,DynamicCDF,julia,float64,cpu,true,true,64
38.551995169230764,38.3834035,0.0,0.0,LDC-27000000,LDC-27000000,faceBased,PrecalculatedWeightsCDF,julia,float64,cpu,true,true,64
40.164846568,36.914483,0.0,0.0,LDC-27000000,LDC-27000000,faceBased,HardCodedUpwind,julia,float64,cpu,true,true,64

37.47735553731343,36.786532,0.0,0.0,LDC-27000000,LDC-27000000,globalFaceBased,HardCodedCDF,julia,float64,cpu,true,true,64
36.898158801470586,36.235254,0.0,0.0,LDC-27000000,LDC-27000000,globalFaceBased,DynamicUpwind,julia,float64,cpu,true,true,64
37.86830681203008,37.952811,0.0,0.0,LDC-27000000,LDC-27000000,globalFaceBased,PrecalculatedWeightsUpwind,julia,float64,cpu,true,true,64
38.96811808527132,37.112686,0.0,0.0,LDC-27000000,LDC-27000000,globalFaceBased,DynamicCDF,julia,float64,cpu,true,true,64
38.78294886046512,38.241578,0.0,0.0,LDC-27000000,LDC-27000000,globalFaceBased,PrecalculatedWeightsCDF,julia,float64,cpu,true,true,64
37.16273905185185,36.166895,0.0,0.0,LDC-27000000,LDC-27000000,globalFaceBased,HardCodedUpwind,julia,float64,cpu,true,true,64

112.61475986666666,105.459203,0.0,0.0,LDC-27000000,LDC-27000000,batchedFace,HardCodedCDF,julia,float64,cpu,true,true,64
114.36077538636364,103.7244425,0.0,0.0,LDC-27000000,LDC-27000000,batchedFace,DynamicUpwind,julia,float64,cpu,true,true,64
114.94704247727273,109.5572485,0.0,0.0,LDC-27000000,LDC-27000000,batchedFace,PrecalculatedWeightsUpwind,julia,float64,cpu,true,true,64
103.58853832653061,103.547024,0.0,0.0,LDC-27000000,LDC-27000000,batchedFace,DynamicCDF,julia,float64,cpu,true,true,64
127.9245751,130.0266415,0.0,0.0,LDC-27000000,LDC-27000000,batchedFace,PrecalculatedWeightsCDF,julia,float64,cpu,true,true,64
106.52991365957446,103.186227,0.0,0.0,LDC-27000000,LDC-27000000,batchedFace,HardCodedUpwind,julia,float64,cpu,true,true,64

89.07860229824561,85.792498,0.0,0.0,LDC-27000000,LDC-27000000,cellBased,HardCodedCDF,julia,float64,cpu,true,true,64
92.12051212727272,87.323884,0.0,0.0,LDC-27000000,LDC-27000000,cellBased,DynamicUpwind,julia,float64,cpu,true,true,64
89.00024719298246,88.676003,0.0,0.0,LDC-27000000,LDC-27000000,cellBased,PrecalculatedWeightsUpwind,julia,float64,cpu,true,true,64
94.63023128301887,86.282271,0.0,0.0,LDC-27000000,LDC-27000000,cellBased,DynamicCDF,julia,float64,cpu,true,true,64
92.14115094545456,90.282313,0.0,0.0,LDC-27000000,LDC-27000000,cellBased,PrecalculatedWeightsCDF,julia,float64,cpu,true,true,64
87.77580589473685,88.349815,0.0,0.0,LDC-27000000,LDC-27000000,cellBased,HardCodedUpwind,julia,float64,cpu,true,true,64

73.90957876470588,68.4702455,0.0,0.0,LDC-27000000,LDC-27000000,faceBased,HardCodedCDF,julia,float64,cpu,true,true,128
69.39553834246576,68.382444,0.0,0.0,LDC-27000000,LDC-27000000,faceBased,DynamicUpwind,julia,float64,cpu,true,true,128
74.46383752941176,72.4199275,0.0,0.0,LDC-27000000,LDC-27000000,faceBased,PrecalculatedWeightsUpwind,julia,float64,cpu,true,true,128
70.62799707042252,68.276459,0.0,0.0,LDC-27000000,LDC-27000000,faceBased,DynamicCDF,julia,float64,cpu,true,true,128
75.99498745454545,72.498866,0.0,0.0,LDC-27000000,LDC-27000000,faceBased,PrecalculatedWeightsCDF,julia,float64,cpu,true,true,128
70.32460031944444,67.9670235,0.0,0.0,LDC-27000000,LDC-27000000,faceBased,HardCodedUpwind,julia,float64,cpu,true,true,128

46.13061130275229,45.045579,0.0,0.0,LDC-27000000,LDC-27000000,globalFaceBased,HardCodedCDF,julia,float64,cpu,true,true,128
45.1591887027027,44.559121,0.0,0.0,LDC-27000000,LDC-27000000,globalFaceBased,DynamicUpwind,julia,float64,cpu,true,true,128
47.175788867924524,45.786839,0.0,0.0,LDC-27000000,LDC-27000000,globalFaceBased,PrecalculatedWeightsUpwind,julia,float64,cpu,true,true,128
45.48279153636364,44.829368,0.0,0.0,LDC-27000000,LDC-27000000,globalFaceBased,DynamicCDF,julia,float64,cpu,true,true,128
46.498321527777776,45.7106345,0.0,0.0,LDC-27000000,LDC-27000000,globalFaceBased,PrecalculatedWeightsCDF,julia,float64,cpu,true,true,128
44.689067973214286,43.6808825,0.0,0.0,LDC-27000000,LDC-27000000,globalFaceBased,HardCodedUpwind,julia,float64,cpu,true,true,128

105.750919,105.1933445,0.0,0.0,LDC-27000000,LDC-27000000,batchedFace,HardCodedCDF,julia,float64,cpu,true,true,128
106.80277644680852,104.984623,0.0,0.0,LDC-27000000,LDC-27000000,batchedFace,DynamicUpwind,julia,float64,cpu,true,true,128
114.02177845454545,110.7984545,0.0,0.0,LDC-27000000,LDC-27000000,batchedFace,PrecalculatedWeightsUpwind,julia,float64,cpu,true,true,128
112.637054,108.095593,0.0,0.0,LDC-27000000,LDC-27000000,batchedFace,DynamicCDF,julia,float64,cpu,true,true,128
107.17526076595745,107.086044,0.0,0.0,LDC-27000000,LDC-27000000,batchedFace,PrecalculatedWeightsCDF,julia,float64,cpu,true,true,128
105.5602950625,103.964852,0.0,0.0,LDC-27000000,LDC-27000000,batchedFace,HardCodedUpwind,julia,float64,cpu,true,true,128

93.66981981481482,90.7966035,0.0,0.0,LDC-27000000,LDC-27000000,cellBased,HardCodedCDF,julia,float64,cpu,true,true,128
90.97392483636364,91.36207,0.0,0.0,LDC-27000000,LDC-27000000,cellBased,DynamicUpwind,julia,float64,cpu,true,true,128
94.61222273584906,94.848985,0.0,0.0,LDC-27000000,LDC-27000000,cellBased,PrecalculatedWeightsUpwind,julia,float64,cpu,true,true,128
94.52992733962265,91.113439,0.0,0.0,LDC-27000000,LDC-27000000,cellBased,DynamicCDF,julia,float64,cpu,true,true,128
94.93629603773584,95.348853,0.0,0.0,LDC-27000000,LDC-27000000,cellBased,PrecalculatedWeightsCDF,julia,float64,cpu,true,true,128
92.30516759999999,92.531018,0.0,0.0,LDC-27000000,LDC-27000000,cellBased,HardCodedUpwind,julia,float64,cpu,true,true,128

722.6783038571429,722.094176,0.0,0.0,LDC-46656000,LDC-46656000,batchedFace,HardCodedCDF,julia,float64,cpu,true,true,1
701.90915075,701.4896815,0.0,0.0,LDC-46656000,LDC-46656000,batchedFace,DynamicUpwind,julia,float64,cpu,true,true,1
772.0485332857143,771.204144,0.0,0.0,LDC-46656000,LDC-46656000,batchedFace,PrecalculatedWeightsUpwind,julia,float64,cpu,true,true,1
787.8096568571428,744.714849,0.0,0.0,LDC-46656000,LDC-46656000,batchedFace,DynamicCDF,julia,float64,cpu,true,true,1
854.1223173333334,860.609904,0.0,0.0,LDC-46656000,LDC-46656000,batchedFace,PrecalculatedWeightsCDF,julia,float64,cpu,true,true,1
718.0244141428572,699.230689,0.0,0.0,LDC-46656000,LDC-46656000,batchedFace,HardCodedUpwind,julia,float64,cpu,true,true,1

722.6783038571429,722.094176,0.0,0.0,LDC-46656000,LDC-46656000,faceBased,HardCodedCDF,julia,float64,cpu,true,true,1
701.90915075,701.4896815,0.0,0.0,LDC-46656000,LDC-46656000,faceBased,DynamicUpwind,julia,float64,cpu,true,true,1
772.0485332857143,771.204144,0.0,0.0,LDC-46656000,LDC-46656000,faceBased,PrecalculatedWeightsUpwind,julia,float64,cpu,true,true,1
787.8096568571428,744.714849,0.0,0.0,LDC-46656000,LDC-46656000,faceBased,DynamicCDF,julia,float64,cpu,true,true,1
854.1223173333334,860.609904,0.0,0.0,LDC-46656000,LDC-46656000,faceBased,PrecalculatedWeightsCDF,julia,float64,cpu,true,true,1
718.0244141428572,699.230689,0.0,0.0,LDC-46656000,LDC-46656000,faceBased,HardCodedUpwind,julia,float64,cpu,true,true,1

763.6818422857143,765.082653,0.0,0.0,LDC-46656000,LDC-46656000,globalFaceBased,HardCodedCDF,julia,float64,cpu,true,true,1
748.6212921428572,748.448445,0.0,0.0,LDC-46656000,LDC-46656000,globalFaceBased,DynamicUpwind,julia,float64,cpu,true,true,1
830.1245508571428,830.871552,0.0,0.0,LDC-46656000,LDC-46656000,globalFaceBased,PrecalculatedWeightsUpwind,julia,float64,cpu,true,true,1
764.3625215714285,764.15735,0.0,0.0,LDC-46656000,LDC-46656000,globalFaceBased,DynamicCDF,julia,float64,cpu,true,true,1
833.0541387142857,834.182816,0.0,0.0,LDC-46656000,LDC-46656000,globalFaceBased,PrecalculatedWeightsCDF,julia,float64,cpu,true,true,1
747.2451878571428,746.76569,0.0,0.0,LDC-46656000,LDC-46656000,globalFaceBased,HardCodedUpwind,julia,float64,cpu,true,true,1

5386.346172,5386.346172,0.0,0.0,LDC-46656000,LDC-46656000,cellBased,HardCodedCDF,julia,float64,cpu,true,true,1
5247.849771,5247.849771,0.0,0.0,LDC-46656000,LDC-46656000,cellBased,DynamicUpwind,julia,float64,cpu,true,true,1
5634.674089,5634.674089,0.0,0.0,LDC-46656000,LDC-46656000,cellBased,PrecalculatedWeightsUpwind,julia,float64,cpu,true,true,1
5950.601403,5950.601403,0.0,0.0,LDC-46656000,LDC-46656000,cellBased,DynamicCDF,julia,float64,cpu,true,true,1
5460.951483,5460.951483,0.0,0.0,LDC-46656000,LDC-46656000,cellBased,PrecalculatedWeightsCDF,julia,float64,cpu,true,true,1
5261.424427,5261.424427,0.0,0.0,LDC-46656000,LDC-46656000,cellBased,HardCodedUpwind,julia,float64,cpu,true,true,1

895.394139,799.1701005,0.0,0.0,LDC-46656000,LDC-46656000,faceBased,HardCodedCDF,julia,float64,cpu,true,true,2
907.3054365,931.4143975,0.0,0.0,LDC-46656000,LDC-46656000,faceBased,DynamicUpwind,julia,float64,cpu,true,true,2
836.1980731666666,816.6329535,0.0,0.0,LDC-46656000,LDC-46656000,faceBased,PrecalculatedWeightsUpwind,julia,float64,cpu,true,true,2
927.2912593333334,809.182346,0.0,0.0,LDC-46656000,LDC-46656000,faceBased,DynamicCDF,julia,float64,cpu,true,true,2
799.848371,803.989584,0.0,0.0,LDC-46656000,LDC-46656000,faceBased,PrecalculatedWeightsCDF,julia,float64,cpu,true,true,2
796.8010928571429,795.92357,0.0,0.0,LDC-46656000,LDC-46656000,faceBased,HardCodedUpwind,julia,float64,cpu,true,true,2

978.5948268333334,976.800095,0.0,0.0,LDC-46656000,LDC-46656000,globalFaceBased,HardCodedCDF,julia,float64,cpu,true,true,2
982.3662165,983.509522,0.0,0.0,LDC-46656000,LDC-46656000,globalFaceBased,DynamicUpwind,julia,float64,cpu,true,true,2
1012.4423076,1014.553148,0.0,0.0,LDC-46656000,LDC-46656000,globalFaceBased,PrecalculatedWeightsUpwind,julia,float64,cpu,true,true,2
979.0045871666666,979.379017,0.0,0.0,LDC-46656000,LDC-46656000,globalFaceBased,DynamicCDF,julia,float64,cpu,true,true,2
1006.2719782,1009.832477,0.0,0.0,LDC-46656000,LDC-46656000,globalFaceBased,PrecalculatedWeightsCDF,julia,float64,cpu,true,true,2
984.2544365,980.312621,0.0,0.0,LDC-46656000,LDC-46656000,globalFaceBased,HardCodedUpwind,julia,float64,cpu,true,true,2

885.692527,783.0045265,0.0,0.0,LDC-46656000,LDC-46656000,batchedFace,HardCodedCDF,julia,float64,cpu,true,true,2
906.5049305,813.841049,0.0,0.0,LDC-46656000,LDC-46656000,batchedFace,DynamicUpwind,julia,float64,cpu,true,true,2
910.484763,927.1814795,0.0,0.0,LDC-46656000,LDC-46656000,batchedFace,PrecalculatedWeightsUpwind,julia,float64,cpu,true,true,2
866.6289591666666,776.543161,0.0,0.0,LDC-46656000,LDC-46656000,batchedFace,DynamicCDF,julia,float64,cpu,true,true,2
926.9050661666666,837.856204,0.0,0.0,LDC-46656000,LDC-46656000,batchedFace,PrecalculatedWeightsCDF,julia,float64,cpu,true,true,2
909.6367636666666,800.0353525,0.0,0.0,LDC-46656000,LDC-46656000,batchedFace,HardCodedUpwind,julia,float64,cpu,true,true,2

3866.962476,3866.962476,0.0,0.0,LDC-46656000,LDC-46656000,cellBased,HardCodedCDF,julia,float64,cpu,true,true,2
3688.2924375,3688.2924375,0.0,0.0,LDC-46656000,LDC-46656000,cellBased,DynamicUpwind,julia,float64,cpu,true,true,2
3707.0959665,3707.0959665,0.0,0.0,LDC-46656000,LDC-46656000,cellBased,PrecalculatedWeightsUpwind,julia,float64,cpu,true,true,2
3696.9294605,3696.9294605,0.0,0.0,LDC-46656000,LDC-46656000,cellBased,DynamicCDF,julia,float64,cpu,true,true,2
3872.422367,3872.422367,0.0,0.0,LDC-46656000,LDC-46656000,cellBased,PrecalculatedWeightsCDF,julia,float64,cpu,true,true,2
3704.507367,3704.507367,0.0,0.0,LDC-46656000,LDC-46656000,cellBased,HardCodedUpwind,julia,float64,cpu,true,true,2

444.2168389166667,416.110412,0.0,0.0,LDC-46656000,LDC-46656000,faceBased,HardCodedCDF,julia,float64,cpu,true,true,4
418.9003764166667,419.1081045,0.0,0.0,LDC-46656000,LDC-46656000,faceBased,DynamicUpwind,julia,float64,cpu,true,true,4
492.835493,429.149824,0.0,0.0,LDC-46656000,LDC-46656000,faceBased,PrecalculatedWeightsUpwind,julia,float64,cpu,true,true,4
415.72342846153845,415.422836,0.0,0.0,LDC-46656000,LDC-46656000,faceBased,DynamicCDF,julia,float64,cpu,true,true,4
426.3759199166667,426.6340235,0.0,0.0,LDC-46656000,LDC-46656000,faceBased,PrecalculatedWeightsCDF,julia,float64,cpu,true,true,4
420.47743425,421.297215,0.0,0.0,LDC-46656000,LDC-46656000,faceBased,HardCodedUpwind,julia,float64,cpu,true,true,4

501.4004475,507.716834,0.0,0.0,LDC-46656000,LDC-46656000,globalFaceBased,HardCodedCDF,julia,float64,cpu,true,true,4
510.9184145,510.207484,0.0,0.0,LDC-46656000,LDC-46656000,globalFaceBased,DynamicUpwind,julia,float64,cpu,true,true,4
527.8064385,527.239641,0.0,0.0,LDC-46656000,LDC-46656000,globalFaceBased,PrecalculatedWeightsUpwind,julia,float64,cpu,true,true,4
511.22907139999995,510.912833,0.0,0.0,LDC-46656000,LDC-46656000,globalFaceBased,DynamicCDF,julia,float64,cpu,true,true,4
524.8026778,525.681984,0.0,0.0,LDC-46656000,LDC-46656000,globalFaceBased,PrecalculatedWeightsCDF,julia,float64,cpu,true,true,4
500.31553460000003,510.1780435,0.0,0.0,LDC-46656000,LDC-46656000,globalFaceBased,HardCodedUpwind,julia,float64,cpu,true,true,4

645.130047,567.299076,0.0,0.0,LDC-46656000,LDC-46656000,batchedFace,HardCodedCDF,julia,float64,cpu,true,true,4
661.423536125,598.9173165,0.0,0.0,LDC-46656000,LDC-46656000,batchedFace,DynamicUpwind,julia,float64,cpu,true,true,4
650.42695175,569.121423,0.0,0.0,LDC-46656000,LDC-46656000,batchedFace,PrecalculatedWeightsUpwind,julia,float64,cpu,true,true,4
594.5328881111112,527.583811,0.0,0.0,LDC-46656000,LDC-46656000,batchedFace,DynamicCDF,julia,float64,cpu,true,true,4
572.106821,566.336463,0.0,0.0,LDC-46656000,LDC-46656000,batchedFace,PrecalculatedWeightsCDF,julia,float64,cpu,true,true,4
527.5339915,527.5318285,0.0,0.0,LDC-46656000,LDC-46656000,batchedFace,HardCodedUpwind,julia,float64,cpu,true,true,4

1826.2658376666668,1680.149133,0.0,0.0,LDC-46656000,LDC-46656000,cellBased,HardCodedCDF,julia,float64,cpu,true,true,4
1682.3504533333332,1684.064397,0.0,0.0,LDC-46656000,LDC-46656000,cellBased,DynamicUpwind,julia,float64,cpu,true,true,4
1717.1973516666667,1718.163731,0.0,0.0,LDC-46656000,LDC-46656000,cellBased,PrecalculatedWeightsUpwind,julia,float64,cpu,true,true,4
1687.2958106666667,1681.123483,0.0,0.0,LDC-46656000,LDC-46656000,cellBased,DynamicCDF,julia,float64,cpu,true,true,4
1894.813292,1826.197751,0.0,0.0,LDC-46656000,LDC-46656000,cellBased,PrecalculatedWeightsCDF,julia,float64,cpu,true,true,4
1790.238322,1807.543617,0.0,0.0,LDC-46656000,LDC-46656000,cellBased,HardCodedUpwind,julia,float64,cpu,true,true,4

272.78312378947373,272.45934,0.0,0.0,LDC-46656000,LDC-46656000,faceBased,HardCodedCDF,julia,float64,cpu,true,true,8
230.38658695454546,213.012873,0.0,0.0,LDC-46656000,LDC-46656000,faceBased,DynamicUpwind,julia,float64,cpu,true,true,8
241.46448880952383,212.172562,0.0,0.0,LDC-46656000,LDC-46656000,faceBased,PrecalculatedWeightsUpwind,julia,float64,cpu,true,true,8
210.12149295833333,207.8221695,0.0,0.0,LDC-46656000,LDC-46656000,faceBased,DynamicCDF,julia,float64,cpu,true,true,8
208.30639556,207.709024,0.0,0.0,LDC-46656000,LDC-46656000,faceBased,PrecalculatedWeightsCDF,julia,float64,cpu,true,true,8
207.78975663999998,207.84371,0.0,0.0,LDC-46656000,LDC-46656000,faceBased,HardCodedUpwind,julia,float64,cpu,true,true,8

233.1505357272727,232.61479,0.0,0.0,LDC-46656000,LDC-46656000,globalFaceBased,HardCodedCDF,julia,float64,cpu,true,true,8
233.1232934090909,232.616011,0.0,0.0,LDC-46656000,LDC-46656000,globalFaceBased,DynamicUpwind,julia,float64,cpu,true,true,8
257.2864226,237.623713,0.0,0.0,LDC-46656000,LDC-46656000,globalFaceBased,PrecalculatedWeightsUpwind,julia,float64,cpu,true,true,8
239.1670417142857,231.638422,0.0,0.0,LDC-46656000,LDC-46656000,globalFaceBased,DynamicCDF,julia,float64,cpu,true,true,8
236.9987745909091,236.5340095,0.0,0.0,LDC-46656000,LDC-46656000,globalFaceBased,PrecalculatedWeightsCDF,julia,float64,cpu,true,true,8
232.65335795454547,232.6676925,0.0,0.0,LDC-46656000,LDC-46656000,globalFaceBased,HardCodedUpwind,julia,float64,cpu,true,true,8

536.1067889,536.472469,0.0,0.0,LDC-46656000,LDC-46656000,batchedFace,HardCodedCDF,julia,float64,cpu,true,true,8
530.81606,530.9202675,0.0,0.0,LDC-46656000,LDC-46656000,batchedFace,DynamicUpwind,julia,float64,cpu,true,true,8
579.9716108888888,579.613276,0.0,0.0,LDC-46656000,LDC-46656000,batchedFace,PrecalculatedWeightsUpwind,julia,float64,cpu,true,true,8
553.6255684,537.443679,0.0,0.0,LDC-46656000,LDC-46656000,batchedFace,DynamicCDF,julia,float64,cpu,true,true,8
578.9297948888889,576.328529,0.0,0.0,LDC-46656000,LDC-46656000,batchedFace,PrecalculatedWeightsCDF,julia,float64,cpu,true,true,8
531.8393165,531.8591035,0.0,0.0,LDC-46656000,LDC-46656000,batchedFace,HardCodedUpwind,julia,float64,cpu,true,true,8

843.7582058333334,844.5658615,0.0,0.0,LDC-46656000,LDC-46656000,cellBased,HardCodedCDF,julia,float64,cpu,true,true,8
943.8661348333334,918.51498,0.0,0.0,LDC-46656000,LDC-46656000,cellBased,DynamicUpwind,julia,float64,cpu,true,true,8
891.1997765,891.380582,0.0,0.0,LDC-46656000,LDC-46656000,cellBased,PrecalculatedWeightsUpwind,julia,float64,cpu,true,true,8
862.2367315,852.269512,0.0,0.0,LDC-46656000,LDC-46656000,cellBased,DynamicCDF,julia,float64,cpu,true,true,8
928.4962478333334,891.522682,0.0,0.0,LDC-46656000,LDC-46656000,cellBased,PrecalculatedWeightsCDF,julia,float64,cpu,true,true,8
861.591806,862.180462,0.0,0.0,LDC-46656000,LDC-46656000,cellBased,HardCodedUpwind,julia,float64,cpu,true,true,8

157.76831159375,161.3157665,0.0,0.0,LDC-46656000,LDC-46656000,faceBased,HardCodedCDF,julia,float64,cpu,true,true,16
142.36198169444444,139.497324,0.0,0.0,LDC-46656000,LDC-46656000,faceBased,DynamicUpwind,julia,float64,cpu,true,true,16
144.59023865714283,143.542687,0.0,0.0,LDC-46656000,LDC-46656000,faceBased,PrecalculatedWeightsUpwind,julia,float64,cpu,true,true,16
128.57020302564104,128.155775,0.0,0.0,LDC-46656000,LDC-46656000,faceBased,DynamicCDF,julia,float64,cpu,true,true,16
134.5134842894737,134.213212,0.0,0.0,LDC-46656000,LDC-46656000,faceBased,PrecalculatedWeightsCDF,julia,float64,cpu,true,true,16
126.3093658,127.4125335,0.0,0.0,LDC-46656000,LDC-46656000,faceBased,HardCodedUpwind,julia,float64,cpu,true,true,16

123.83330348780487,124.350652,0.0,0.0,LDC-46656000,LDC-46656000,globalFaceBased,HardCodedCDF,julia,float64,cpu,true,true,16
123.4725533902439,123.57773,0.0,0.0,LDC-46656000,LDC-46656000,globalFaceBased,DynamicUpwind,julia,float64,cpu,true,true,16
132.08455476315788,131.9009415,0.0,0.0,LDC-46656000,LDC-46656000,globalFaceBased,PrecalculatedWeightsUpwind,julia,float64,cpu,true,true,16
123.63824526829268,123.797782,0.0,0.0,LDC-46656000,LDC-46656000,globalFaceBased,DynamicCDF,julia,float64,cpu,true,true,16
131.20258192307693,131.469243,0.0,0.0,LDC-46656000,LDC-46656000,globalFaceBased,PrecalculatedWeightsCDF,julia,float64,cpu,true,true,16
126.0307229,125.1361775,0.0,0.0,LDC-46656000,LDC-46656000,globalFaceBased,HardCodedUpwind,julia,float64,cpu,true,true,16

383.7303921428571,383.704353,0.0,0.0,LDC-46656000,LDC-46656000,batchedFace,HardCodedCDF,julia,float64,cpu,true,true,16
381.42549778571424,380.9835155,0.0,0.0,LDC-46656000,LDC-46656000,batchedFace,DynamicUpwind,julia,float64,cpu,true,true,16
413.5500344615384,413.595288,0.0,0.0,LDC-46656000,LDC-46656000,batchedFace,PrecalculatedWeightsUpwind,julia,float64,cpu,true,true,16
388.2443784615384,383.745685,0.0,0.0,LDC-46656000,LDC-46656000,batchedFace,DynamicCDF,julia,float64,cpu,true,true,16
414.08011307692306,414.146903,0.0,0.0,LDC-46656000,LDC-46656000,batchedFace,PrecalculatedWeightsCDF,julia,float64,cpu,true,true,16
391.5403613076923,382.312337,0.0,0.0,LDC-46656000,LDC-46656000,batchedFace,HardCodedUpwind,julia,float64,cpu,true,true,16

445.966241,445.447485,0.0,0.0,LDC-46656000,LDC-46656000,cellBased,HardCodedCDF,julia,float64,cpu,true,true,16
453.6020511666667,450.6274055,0.0,0.0,LDC-46656000,LDC-46656000,cellBased,DynamicUpwind,julia,float64,cpu,true,true,16
471.34675572727275,471.086797,0.0,0.0,LDC-46656000,LDC-46656000,cellBased,PrecalculatedWeightsUpwind,julia,float64,cpu,true,true,16
447.83156675,443.4058955,0.0,0.0,LDC-46656000,LDC-46656000,cellBased,DynamicCDF,julia,float64,cpu,true,true,16
470.68712827272725,471.789634,0.0,0.0,LDC-46656000,LDC-46656000,cellBased,PrecalculatedWeightsCDF,julia,float64,cpu,true,true,16
460.06986090909095,450.473699,0.0,0.0,LDC-46656000,LDC-46656000,cellBased,HardCodedUpwind,julia,float64,cpu,true,true,16

119.471333,119.721494,0.0,0.0,LDC-46656000,LDC-46656000,faceBased,HardCodedCDF,julia,float64,cpu,true,true,32
89.76957117857144,87.71386,0.0,0.0,LDC-46656000,LDC-46656000,faceBased,DynamicUpwind,julia,float64,cpu,true,true,32
83.71426125,82.9499215,0.0,0.0,LDC-46656000,LDC-46656000,faceBased,PrecalculatedWeightsUpwind,julia,float64,cpu,true,true,32
88.00221636842105,82.686313,0.0,0.0,LDC-46656000,LDC-46656000,faceBased,DynamicCDF,julia,float64,cpu,true,true,32
81.45734883870968,81.1798915,0.0,0.0,LDC-46656000,LDC-46656000,faceBased,PrecalculatedWeightsCDF,julia,float64,cpu,true,true,32
79.69112765079366,80.523349,0.0,0.0,LDC-46656000,LDC-46656000,faceBased,HardCodedUpwind,julia,float64,cpu,true,true,32

81.97119362295082,83.080406,0.0,0.0,LDC-46656000,LDC-46656000,globalFaceBased,HardCodedCDF,julia,float64,cpu,true,true,32
83.64012740000001,85.212319,0.0,0.0,LDC-46656000,LDC-46656000,globalFaceBased,DynamicUpwind,julia,float64,cpu,true,true,32
91.0523896,88.517226,0.0,0.0,LDC-46656000,LDC-46656000,globalFaceBased,PrecalculatedWeightsUpwind,julia,float64,cpu,true,true,32
82.27593649180328,83.127981,0.0,0.0,LDC-46656000,LDC-46656000,globalFaceBased,DynamicCDF,julia,float64,cpu,true,true,32
86.9760757413793,87.591542,0.0,0.0,LDC-46656000,LDC-46656000,globalFaceBased,PrecalculatedWeightsCDF,julia,float64,cpu,true,true,32
82.55929050819672,84.13694,0.0,0.0,LDC-46656000,LDC-46656000,globalFaceBased,HardCodedUpwind,julia,float64,cpu,true,true,32

249.0643028095238,238.496566,0.0,0.0,LDC-46656000,LDC-46656000,batchedFace,HardCodedCDF,julia,float64,cpu,true,true,32
236.8414411818182,236.8401425,0.0,0.0,LDC-46656000,LDC-46656000,batchedFace,DynamicUpwind,julia,float64,cpu,true,true,32
255.3502434,255.0563985,0.0,0.0,LDC-46656000,LDC-46656000,batchedFace,PrecalculatedWeightsUpwind,julia,float64,cpu,true,true,32
252.38085475,239.9421545,0.0,0.0,LDC-46656000,LDC-46656000,batchedFace,DynamicCDF,julia,float64,cpu,true,true,32
257.4447002,257.5257655,0.0,0.0,LDC-46656000,LDC-46656000,batchedFace,PrecalculatedWeightsCDF,julia,float64,cpu,true,true,32
237.35415209090908,237.2900875,0.0,0.0,LDC-46656000,LDC-46656000,batchedFace,HardCodedUpwind,julia,float64,cpu,true,true,32

267.80569189473687,267.553836,0.0,0.0,LDC-46656000,LDC-46656000,cellBased,HardCodedCDF,julia,float64,cpu,true,true,32
276.8144236315789,271.552675,0.0,0.0,LDC-46656000,LDC-46656000,cellBased,DynamicUpwind,julia,float64,cpu,true,true,32
298.9606444117647,297.700375,0.0,0.0,LDC-46656000,LDC-46656000,cellBased,PrecalculatedWeightsUpwind,julia,float64,cpu,true,true,32
264.28476731578945,264.166098,0.0,0.0,LDC-46656000,LDC-46656000,cellBased,DynamicCDF,julia,float64,cpu,true,true,32
296.4989501764706,296.276066,0.0,0.0,LDC-46656000,LDC-46656000,cellBased,PrecalculatedWeightsCDF,julia,float64,cpu,true,true,32
277.35328568421056,277.176269,0.0,0.0,LDC-46656000,LDC-46656000,cellBased,HardCodedUpwind,julia,float64,cpu,true,true,32

99.08623272549019,99.062503,0.0,0.0,LDC-46656000,LDC-46656000,faceBased,HardCodedCDF,julia,float64,cpu,true,true,64
101.51436578,99.2432265,0.0,0.0,LDC-46656000,LDC-46656000,faceBased,DynamicUpwind,julia,float64,cpu,true,true,64
99.02052229411764,98.887632,0.0,0.0,LDC-46656000,LDC-46656000,faceBased,PrecalculatedWeightsUpwind,julia,float64,cpu,true,true,64
102.51393497959184,99.412054,0.0,0.0,LDC-46656000,LDC-46656000,faceBased,DynamicCDF,julia,float64,cpu,true,true,64
98.93369113725491,98.795236,0.0,0.0,LDC-46656000,LDC-46656000,faceBased,PrecalculatedWeightsCDF,julia,float64,cpu,true,true,64
99.38589911764706,99.336169,0.0,0.0,LDC-46656000,LDC-46656000,faceBased,HardCodedUpwind,julia,float64,cpu,true,true,64

95.10245798113208,94.469807,0.0,0.0,LDC-46656000,LDC-46656000,globalFaceBased,HardCodedCDF,julia,float64,cpu,true,true,64
92.92052312962963,92.640111,0.0,0.0,LDC-46656000,LDC-46656000,globalFaceBased,DynamicUpwind,julia,float64,cpu,true,true,64
92.37814032727273,91.323138,0.0,0.0,LDC-46656000,LDC-46656000,globalFaceBased,PrecalculatedWeightsUpwind,julia,float64,cpu,true,true,64
92.44816250909092,92.202637,0.0,0.0,LDC-46656000,LDC-46656000,globalFaceBased,DynamicCDF,julia,float64,cpu,true,true,64
94.6290892264151,91.358968,0.0,0.0,LDC-46656000,LDC-46656000,globalFaceBased,PrecalculatedWeightsCDF,julia,float64,cpu,true,true,64
95.12001401886792,93.510266,0.0,0.0,LDC-46656000,LDC-46656000,globalFaceBased,HardCodedUpwind,julia,float64,cpu,true,true,64

310.81983129411765,298.569974,0.0,0.0,LDC-46656000,LDC-46656000,batchedFace,HardCodedCDF,julia,float64,cpu,true,true,64
294.82372405882353,295.274754,0.0,0.0,LDC-46656000,LDC-46656000,batchedFace,DynamicUpwind,julia,float64,cpu,true,true,64
304.03163870588236,293.266381,0.0,0.0,LDC-46656000,LDC-46656000,batchedFace,PrecalculatedWeightsUpwind,julia,float64,cpu,true,true,64
293.6408362222222,293.5719015,0.0,0.0,LDC-46656000,LDC-46656000,batchedFace,DynamicCDF,julia,float64,cpu,true,true,64
295.1215271764706,293.288472,0.0,0.0,LDC-46656000,LDC-46656000,batchedFace,PrecalculatedWeightsCDF,julia,float64,cpu,true,true,64
292.778893,292.5438575,0.0,0.0,LDC-46656000,LDC-46656000,batchedFace,HardCodedUpwind,julia,float64,cpu,true,true,64

203.54412172,201.327787,0.0,0.0,LDC-46656000,LDC-46656000,cellBased,HardCodedCDF,julia,float64,cpu,true,true,64
203.7574966,202.102652,0.0,0.0,LDC-46656000,LDC-46656000,cellBased,DynamicUpwind,julia,float64,cpu,true,true,64
207.50160352,207.376555,0.0,0.0,LDC-46656000,LDC-46656000,cellBased,PrecalculatedWeightsUpwind,julia,float64,cpu,true,true,64
212.70164233333335,209.2690825,0.0,0.0,LDC-46656000,LDC-46656000,cellBased,DynamicCDF,julia,float64,cpu,true,true,64
206.74796912,205.399496,0.0,0.0,LDC-46656000,LDC-46656000,cellBased,PrecalculatedWeightsCDF,julia,float64,cpu,true,true,64
204.04905756,204.808543,0.0,0.0,LDC-46656000,LDC-46656000,cellBased,HardCodedUpwind,julia,float64,cpu,true,true,64

69.56466697222223,65.9437685,0.0,0.0,LDC-46656000,LDC-46656000,faceBased,HardCodedCDF,julia,float64,cpu,true,true,128
68.73483633783785,66.1486605,0.0,0.0,LDC-46656000,LDC-46656000,faceBased,DynamicUpwind,julia,float64,cpu,true,true,128
73.83452469117647,68.2949125,0.0,0.0,LDC-46656000,LDC-46656000,faceBased,PrecalculatedWeightsUpwind,julia,float64,cpu,true,true,128
71.2487750140845,66.117102,0.0,0.0,LDC-46656000,LDC-46656000,faceBased,DynamicCDF,julia,float64,cpu,true,true,128
78.65365771875,71.2510125,0.0,0.0,LDC-46656000,LDC-46656000,faceBased,PrecalculatedWeightsCDF,julia,float64,cpu,true,true,128
69.1409126891892,65.873437,0.0,0.0,LDC-46656000,LDC-46656000,faceBased,HardCodedUpwind,julia,float64,cpu,true,true,128

52.3873720625,50.7271135,0.0,0.0,LDC-46656000,LDC-46656000,globalFaceBased,HardCodedCDF,julia,float64,cpu,true,true,128
53.39502065957447,52.0569375,0.0,0.0,LDC-46656000,LDC-46656000,globalFaceBased,DynamicUpwind,julia,float64,cpu,true,true,128
53.48768871276595,53.0172425,0.0,0.0,LDC-46656000,LDC-46656000,globalFaceBased,PrecalculatedWeightsUpwind,julia,float64,cpu,true,true,128
51.97928696907216,51.835462,0.0,0.0,LDC-46656000,LDC-46656000,globalFaceBased,DynamicCDF,julia,float64,cpu,true,true,128
49.26695083333333,48.9103115,0.0,0.0,LDC-46656000,LDC-46656000,globalFaceBased,PrecalculatedWeightsCDF,julia,float64,cpu,true,true,128
48.43777197115385,48.7636895,0.0,0.0,LDC-46656000,LDC-46656000,globalFaceBased,HardCodedUpwind,julia,float64,cpu,true,true,128

227.8681355909091,204.081637,0.0,0.0,LDC-46656000,LDC-46656000,batchedFace,HardCodedCDF,julia,float64,cpu,true,true,128
200.84808536000003,200.876875,0.0,0.0,LDC-46656000,LDC-46656000,batchedFace,DynamicUpwind,julia,float64,cpu,true,true,128
210.3493055,203.647315,0.0,0.0,LDC-46656000,LDC-46656000,batchedFace,PrecalculatedWeightsUpwind,julia,float64,cpu,true,true,128
215.14089225,203.4849315,0.0,0.0,LDC-46656000,LDC-46656000,batchedFace,DynamicCDF,julia,float64,cpu,true,true,128
218.17259234782608,217.689474,0.0,0.0,LDC-46656000,LDC-46656000,batchedFace,PrecalculatedWeightsCDF,julia,float64,cpu,true,true,128
201.45222184,201.420453,0.0,0.0,LDC-46656000,LDC-46656000,batchedFace,HardCodedUpwind,julia,float64,cpu,true,true,128

194.60601880769232,188.905443,0.0,0.0,LDC-46656000,LDC-46656000,cellBased,HardCodedCDF,julia,float64,cpu,true,true,128
190.13155474074074,187.933226,0.0,0.0,LDC-46656000,LDC-46656000,cellBased,DynamicUpwind,julia,float64,cpu,true,true,128
195.49106669230767,191.9775925,0.0,0.0,LDC-46656000,LDC-46656000,cellBased,PrecalculatedWeightsUpwind,julia,float64,cpu,true,true,128
189.35059755555554,186.026985,0.0,0.0,LDC-46656000,LDC-46656000,cellBased,DynamicCDF,julia,float64,cpu,true,true,128
201.7518126,197.775022,0.0,0.0,LDC-46656000,LDC-46656000,cellBased,PrecalculatedWeightsCDF,julia,float64,cpu,true,true,128
187.7093061851852,187.637082,0.0,0.0,LDC-46656000,LDC-46656000,cellBased,HardCodedUpwind,julia,float64,cpu,true,true,128

847.0703675,845.3338715,0.0,0.0,LDC-46656000,LDC-46656000,faceBased,HardCodedCDF,julia,float64,cpu,true,true,1
836.1022642857142,833.771147,0.0,0.0,LDC-46656000,LDC-46656000,faceBased,DynamicUpwind,julia,float64,cpu,true,true,1
913.4829151666667,911.9290185,0.0,0.0,LDC-46656000,LDC-46656000,faceBased,PrecalculatedWeightsUpwind,julia,float64,cpu,true,true,1
885.478663,849.7341975,0.0,0.0,LDC-46656000,LDC-46656000,faceBased,DynamicCDF,julia,float64,cpu,true,true,1
1001.9498886,1035.761731,0.0,0.0,LDC-46656000,LDC-46656000,faceBased,PrecalculatedWeightsCDF,julia,float64,cpu,true,true,1
1001.9230135,1031.359794,0.0,0.0,LDC-46656000,LDC-46656000,faceBased,HardCodedUpwind,julia,float64,cpu,true,true,1

801.1675642857143,801.713178,0.0,0.0,LDC-46656000,LDC-46656000,globalFaceBased,HardCodedCDF,julia,float64,cpu,true,true,1
789.0073097142857,790.026531,0.0,0.0,LDC-46656000,LDC-46656000,globalFaceBased,DynamicUpwind,julia,float64,cpu,true,true,1
874.2255426666667,873.4714635,0.0,0.0,LDC-46656000,LDC-46656000,globalFaceBased,PrecalculatedWeightsUpwind,julia,float64,cpu,true,true,1
799.4026034285714,800.147878,0.0,0.0,LDC-46656000,LDC-46656000,globalFaceBased,DynamicCDF,julia,float64,cpu,true,true,1
868.398755,866.1420675,0.0,0.0,LDC-46656000,LDC-46656000,globalFaceBased,PrecalculatedWeightsCDF,julia,float64,cpu,true,true,1
796.272264,796.065388,0.0,0.0,LDC-46656000,LDC-46656000,globalFaceBased,HardCodedUpwind,julia,float64,cpu,true,true,1

5828.369902,5828.369902,0.0,0.0,LDC-46656000,LDC-46656000,cellBased,HardCodedCDF,julia,float64,cpu,true,true,1
6346.921669,6346.921669,0.0,0.0,LDC-46656000,LDC-46656000,cellBased,DynamicUpwind,julia,float64,cpu,true,true,1
6253.940211,6253.940211,0.0,0.0,LDC-46656000,LDC-46656000,cellBased,PrecalculatedWeightsUpwind,julia,float64,cpu,true,true,1
6029.048367,6029.048367,0.0,0.0,LDC-46656000,LDC-46656000,cellBased,DynamicCDF,julia,float64,cpu,true,true,1
6404.440314,6404.440314,0.0,0.0,LDC-46656000,LDC-46656000,cellBased,PrecalculatedWeightsCDF,julia,float64,cpu,true,true,1
5891.417284,5891.417284,0.0,0.0,LDC-46656000,LDC-46656000,cellBased,HardCodedUpwind,julia,float64,cpu,true,true,1

766.7869145714285,762.362912,0.0,0.0,LDC-46656000,LDC-46656000,faceBased,HardCodedCDF,julia,float64,cpu,true,true,2
776.0460571428572,761.071206,0.0,0.0,LDC-46656000,LDC-46656000,faceBased,DynamicUpwind,julia,float64,cpu,true,true,2
762.0973052857142,761.841946,0.0,0.0,LDC-46656000,LDC-46656000,faceBased,PrecalculatedWeightsUpwind,julia,float64,cpu,true,true,2
780.3955191428572,759.885257,0.0,0.0,LDC-46656000,LDC-46656000,faceBased,DynamicCDF,julia,float64,cpu,true,true,2
769.595456,763.980113,0.0,0.0,LDC-46656000,LDC-46656000,faceBased,PrecalculatedWeightsCDF,julia,float64,cpu,true,true,2
783.2468914285714,763.93371,0.0,0.0,LDC-46656000,LDC-46656000,faceBased,HardCodedUpwind,julia,float64,cpu,true,true,2

868.6645903333334,868.547059,0.0,0.0,LDC-46656000,LDC-46656000,globalFaceBased,HardCodedCDF,julia,float64,cpu,true,true,2
893.4602331666666,890.811509,0.0,0.0,LDC-46656000,LDC-46656000,globalFaceBased,DynamicUpwind,julia,float64,cpu,true,true,2
891.1706888333334,891.5095195,0.0,0.0,LDC-46656000,LDC-46656000,globalFaceBased,PrecalculatedWeightsUpwind,julia,float64,cpu,true,true,2
885.781707,871.19624,0.0,0.0,LDC-46656000,LDC-46656000,globalFaceBased,DynamicCDF,julia,float64,cpu,true,true,2
894.874211,893.220807,0.0,0.0,LDC-46656000,LDC-46656000,globalFaceBased,PrecalculatedWeightsCDF,julia,float64,cpu,true,true,2
878.8689925,869.3614285,0.0,0.0,LDC-46656000,LDC-46656000,globalFaceBased,HardCodedUpwind,julia,float64,cpu,true,true,2

783.1777691428572,763.413801,0.0,0.0,LDC-46656000,LDC-46656000,batchedFace,HardCodedCDF,julia,float64,cpu,true,true,2
721.6995785714286,720.764272,0.0,0.0,LDC-46656000,LDC-46656000,batchedFace,DynamicUpwind,julia,float64,cpu,true,true,2
799.7937595714285,798.805404,0.0,0.0,LDC-46656000,LDC-46656000,batchedFace,PrecalculatedWeightsUpwind,julia,float64,cpu,true,true,2
731.7694735714285,730.790682,0.0,0.0,LDC-46656000,LDC-46656000,batchedFace,DynamicCDF,julia,float64,cpu,true,true,2
803.9687462857142,805.326046,0.0,0.0,LDC-46656000,LDC-46656000,batchedFace,PrecalculatedWeightsCDF,julia,float64,cpu,true,true,2
751.3133378571428,750.180242,0.0,0.0,LDC-46656000,LDC-46656000,batchedFace,HardCodedUpwind,julia,float64,cpu,true,true,2

2846.0866585,2846.0866585,0.0,0.0,LDC-46656000,LDC-46656000,cellBased,HardCodedCDF,julia,float64,cpu,true,true,2
2872.730353,2872.730353,0.0,0.0,LDC-46656000,LDC-46656000,cellBased,DynamicUpwind,julia,float64,cpu,true,true,2
3250.5646365,3250.5646365,0.0,0.0,LDC-46656000,LDC-46656000,cellBased,PrecalculatedWeightsUpwind,julia,float64,cpu,true,true,2
2839.7049525,2839.7049525,0.0,0.0,LDC-46656000,LDC-46656000,cellBased,DynamicCDF,julia,float64,cpu,true,true,2
3111.380507,3111.380507,0.0,0.0,LDC-46656000,LDC-46656000,cellBased,PrecalculatedWeightsCDF,julia,float64,cpu,true,true,2
2845.259351,2845.259351,0.0,0.0,LDC-46656000,LDC-46656000,cellBased,HardCodedUpwind,julia,float64,cpu,true,true,2

480.93107809090907,461.005999,0.0,0.0,LDC-46656000,LDC-46656000,faceBased,HardCodedCDF,julia,float64,cpu,true,true,4
435.8534324166667,422.827873,0.0,0.0,LDC-46656000,LDC-46656000,faceBased,DynamicUpwind,julia,float64,cpu,true,true,4
444.14224566666667,428.9293265,0.0,0.0,LDC-46656000,LDC-46656000,faceBased,PrecalculatedWeightsUpwind,julia,float64,cpu,true,true,4
435.2791476666667,429.9062355,0.0,0.0,LDC-46656000,LDC-46656000,faceBased,DynamicCDF,julia,float64,cpu,true,true,4
457.40208281818184,441.684494,0.0,0.0,LDC-46656000,LDC-46656000,faceBased,PrecalculatedWeightsCDF,julia,float64,cpu,true,true,4
443.2683896666667,440.080286,0.0,0.0,LDC-46656000,LDC-46656000,faceBased,HardCodedUpwind,julia,float64,cpu,true,true,4

571.839898,559.713236,0.0,0.0,LDC-46656000,LDC-46656000,globalFaceBased,HardCodedCDF,julia,float64,cpu,true,true,4
550.8829897,545.942767,0.0,0.0,LDC-46656000,LDC-46656000,globalFaceBased,DynamicUpwind,julia,float64,cpu,true,true,4
601.1667308888889,581.372349,0.0,0.0,LDC-46656000,LDC-46656000,globalFaceBased,PrecalculatedWeightsUpwind,julia,float64,cpu,true,true,4
577.9161747777778,583.59656,0.0,0.0,LDC-46656000,LDC-46656000,globalFaceBased,DynamicCDF,julia,float64,cpu,true,true,4
585.6503653333334,581.560178,0.0,0.0,LDC-46656000,LDC-46656000,globalFaceBased,PrecalculatedWeightsCDF,julia,float64,cpu,true,true,4
587.6629782222223,590.241458,0.0,0.0,LDC-46656000,LDC-46656000,globalFaceBased,HardCodedUpwind,julia,float64,cpu,true,true,4

859.0458331666666,856.577253,0.0,0.0,LDC-46656000,LDC-46656000,batchedFace,HardCodedCDF,julia,float64,cpu,true,true,4
862.8435413333334,853.763246,0.0,0.0,LDC-46656000,LDC-46656000,batchedFace,DynamicUpwind,julia,float64,cpu,true,true,4
917.5682961666666,907.2617625,0.0,0.0,LDC-46656000,LDC-46656000,batchedFace,PrecalculatedWeightsUpwind,julia,float64,cpu,true,true,4
848.1708396666667,848.3922905,0.0,0.0,LDC-46656000,LDC-46656000,batchedFace,DynamicCDF,julia,float64,cpu,true,true,4
914.4402313333334,910.483229,0.0,0.0,LDC-46656000,LDC-46656000,batchedFace,PrecalculatedWeightsCDF,julia,float64,cpu,true,true,4
862.7808186666666,850.620928,0.0,0.0,LDC-46656000,LDC-46656000,batchedFace,HardCodedUpwind,julia,float64,cpu,true,true,4

2069.4015553333334,2092.744407,0.0,0.0,LDC-46656000,LDC-46656000,cellBased,HardCodedCDF,julia,float64,cpu,true,true,4
2081.050527,2078.623886,0.0,0.0,LDC-46656000,LDC-46656000,cellBased,DynamicUpwind,julia,float64,cpu,true,true,4
2177.132363,2164.9807,0.0,0.0,LDC-46656000,LDC-46656000,cellBased,PrecalculatedWeightsUpwind,julia,float64,cpu,true,true,4
2042.7371586666668,2046.959896,0.0,0.0,LDC-46656000,LDC-46656000,cellBased,DynamicCDF,julia,float64,cpu,true,true,4
2255.7470613333335,2254.859598,0.0,0.0,LDC-46656000,LDC-46656000,cellBased,PrecalculatedWeightsCDF,julia,float64,cpu,true,true,4
2012.463858,2011.67818,0.0,0.0,LDC-46656000,LDC-46656000,cellBased,HardCodedUpwind,julia,float64,cpu,true,true,4

456.6745296363636,460.001016,0.0,0.0,LDC-46656000,LDC-46656000,faceBased,HardCodedCDF,julia,float64,cpu,true,true,8
440.57973508333333,441.638435,0.0,0.0,LDC-46656000,LDC-46656000,faceBased,DynamicUpwind,julia,float64,cpu,true,true,8
423.6086849166667,433.605322,0.0,0.0,LDC-46656000,LDC-46656000,faceBased,PrecalculatedWeightsUpwind,julia,float64,cpu,true,true,8
378.87801185714284,351.761606,0.0,0.0,LDC-46656000,LDC-46656000,faceBased,DynamicCDF,julia,float64,cpu,true,true,8
423.08887675,418.6728495,0.0,0.0,LDC-46656000,LDC-46656000,faceBased,PrecalculatedWeightsCDF,julia,float64,cpu,true,true,8
417.1904216666667,441.844724,0.0,0.0,LDC-46656000,LDC-46656000,faceBased,HardCodedUpwind,julia,float64,cpu,true,true,8

472.10612954545456,456.856411,0.0,0.0,LDC-46656000,LDC-46656000,globalFaceBased,HardCodedCDF,julia,float64,cpu,true,true,8
420.0450754166667,391.589559,0.0,0.0,LDC-46656000,LDC-46656000,globalFaceBased,DynamicUpwind,julia,float64,cpu,true,true,8
454.9302585,459.4781915,0.0,0.0,LDC-46656000,LDC-46656000,globalFaceBased,PrecalculatedWeightsUpwind,julia,float64,cpu,true,true,8
400.27718823076924,400.433327,0.0,0.0,LDC-46656000,LDC-46656000,globalFaceBased,DynamicCDF,julia,float64,cpu,true,true,8
427.3037880833333,408.3251465,0.0,0.0,LDC-46656000,LDC-46656000,globalFaceBased,PrecalculatedWeightsCDF,julia,float64,cpu,true,true,8
446.922317,439.7610485,0.0,0.0,LDC-46656000,LDC-46656000,globalFaceBased,HardCodedUpwind,julia,float64,cpu,true,true,8

1014.3394032,1024.411053,0.0,0.0,LDC-46656000,LDC-46656000,batchedFace,HardCodedCDF,julia,float64,cpu,true,true,8
974.034028,973.224558,0.0,0.0,LDC-46656000,LDC-46656000,batchedFace,DynamicUpwind,julia,float64,cpu,true,true,8
987.5549111666667,974.6834295,0.0,0.0,LDC-46656000,LDC-46656000,batchedFace,PrecalculatedWeightsUpwind,julia,float64,cpu,true,true,8
973.9831966666666,990.1401735,0.0,0.0,LDC-46656000,LDC-46656000,batchedFace,DynamicCDF,julia,float64,cpu,true,true,8
1091.951868,1056.119364,0.0,0.0,LDC-46656000,LDC-46656000,batchedFace,PrecalculatedWeightsCDF,julia,float64,cpu,true,true,8
979.4920713333333,976.2353135,0.0,0.0,LDC-46656000,LDC-46656000,batchedFace,HardCodedUpwind,julia,float64,cpu,true,true,8

1263.825918,1276.373388,0.0,0.0,LDC-46656000,LDC-46656000,cellBased,HardCodedCDF,julia,float64,cpu,true,true,8
1384.64730675,1335.407244,0.0,0.0,LDC-46656000,LDC-46656000,cellBased,DynamicUpwind,julia,float64,cpu,true,true,8
1385.6036205,1321.4792475,0.0,0.0,LDC-46656000,LDC-46656000,cellBased,PrecalculatedWeightsUpwind,julia,float64,cpu,true,true,8
1296.86795825,1275.993827,0.0,0.0,LDC-46656000,LDC-46656000,cellBased,DynamicCDF,julia,float64,cpu,true,true,8
1392.01863375,1411.545173,0.0,0.0,LDC-46656000,LDC-46656000,cellBased,PrecalculatedWeightsCDF,julia,float64,cpu,true,true,8
1337.90882475,1319.642089,0.0,0.0,LDC-46656000,LDC-46656000,cellBased,HardCodedUpwind,julia,float64,cpu,true,true,8

191.42220307407405,191.38669,0.0,0.0,LDC-46656000,LDC-46656000,faceBased,HardCodedCDF,julia,float64,cpu,true,true,16
196.20760434615386,196.145328,0.0,0.0,LDC-46656000,LDC-46656000,faceBased,DynamicUpwind,julia,float64,cpu,true,true,16
204.53366832,204.759472,0.0,0.0,LDC-46656000,LDC-46656000,faceBased,PrecalculatedWeightsUpwind,julia,float64,cpu,true,true,16
190.11836337037036,190.44191,0.0,0.0,LDC-46656000,LDC-46656000,faceBased,DynamicCDF,julia,float64,cpu,true,true,16
205.09160168,204.775324,0.0,0.0,LDC-46656000,LDC-46656000,faceBased,PrecalculatedWeightsCDF,julia,float64,cpu,true,true,16
196.09792519230768,196.040414,0.0,0.0,LDC-46656000,LDC-46656000,faceBased,HardCodedUpwind,julia,float64,cpu,true,true,16

191.9865494074074,190.303338,0.0,0.0,LDC-46656000,LDC-46656000,globalFaceBased,HardCodedCDF,julia,float64,cpu,true,true,16
194.8329658846154,192.7752,0.0,0.0,LDC-46656000,LDC-46656000,globalFaceBased,DynamicUpwind,julia,float64,cpu,true,true,16
207.14502284,205.380417,0.0,0.0,LDC-46656000,LDC-46656000,globalFaceBased,PrecalculatedWeightsUpwind,julia,float64,cpu,true,true,16
192.03912666666665,190.336795,0.0,0.0,LDC-46656000,LDC-46656000,globalFaceBased,DynamicCDF,julia,float64,cpu,true,true,16
204.65411908000002,203.459304,0.0,0.0,LDC-46656000,LDC-46656000,globalFaceBased,PrecalculatedWeightsCDF,julia,float64,cpu,true,true,16
193.58505015384614,192.753671,0.0,0.0,LDC-46656000,LDC-46656000,globalFaceBased,HardCodedUpwind,julia,float64,cpu,true,true,16

559.5753818888888,560.548867,0.0,0.0,LDC-46656000,LDC-46656000,batchedFace,HardCodedCDF,julia,float64,cpu,true,true,16
557.8647223333334,557.661223,0.0,0.0,LDC-46656000,LDC-46656000,batchedFace,DynamicUpwind,julia,float64,cpu,true,true,16
603.9899938888889,603.646998,0.0,0.0,LDC-46656000,LDC-46656000,batchedFace,PrecalculatedWeightsUpwind,julia,float64,cpu,true,true,16
562.4002585555556,562.655767,0.0,0.0,LDC-46656000,LDC-46656000,batchedFace,DynamicCDF,julia,float64,cpu,true,true,16
603.1394387777777,602.947574,0.0,0.0,LDC-46656000,LDC-46656000,batchedFace,PrecalculatedWeightsCDF,julia,float64,cpu,true,true,16
558.7482901111111,558.783387,0.0,0.0,LDC-46656000,LDC-46656000,batchedFace,HardCodedUpwind,julia,float64,cpu,true,true,16

648.558895875,649.368082,0.0,0.0,LDC-46656000,LDC-46656000,cellBased,HardCodedCDF,julia,float64,cpu,true,true,16
665.99333575,665.784033,0.0,0.0,LDC-46656000,LDC-46656000,cellBased,DynamicUpwind,julia,float64,cpu,true,true,16
703.93047025,705.5382565,0.0,0.0,LDC-46656000,LDC-46656000,cellBased,PrecalculatedWeightsUpwind,julia,float64,cpu,true,true,16
644.867103,645.745687,0.0,0.0,LDC-46656000,LDC-46656000,cellBased,DynamicCDF,julia,float64,cpu,true,true,16
698.820620625,700.2496885,0.0,0.0,LDC-46656000,LDC-46656000,cellBased,PrecalculatedWeightsCDF,julia,float64,cpu,true,true,16
674.819155625,673.918467,0.0,0.0,LDC-46656000,LDC-46656000,cellBased,HardCodedUpwind,julia,float64,cpu,true,true,16

126.63734995,126.5005,0.0,0.0,LDC-46656000,LDC-46656000,faceBased,HardCodedCDF,julia,float64,cpu,true,true,32
130.33846384615384,128.220957,0.0,0.0,LDC-46656000,LDC-46656000,faceBased,DynamicUpwind,julia,float64,cpu,true,true,32
135.18562024324325,134.755793,0.0,0.0,LDC-46656000,LDC-46656000,faceBased,PrecalculatedWeightsUpwind,julia,float64,cpu,true,true,32
126.51830220000001,126.327793,0.0,0.0,LDC-46656000,LDC-46656000,faceBased,DynamicCDF,julia,float64,cpu,true,true,32
135.40885375675674,135.001392,0.0,0.0,LDC-46656000,LDC-46656000,faceBased,PrecalculatedWeightsCDF,julia,float64,cpu,true,true,32
127.692753525,127.328629,0.0,0.0,LDC-46656000,LDC-46656000,faceBased,HardCodedUpwind,julia,float64,cpu,true,true,32

134.01470671052633,131.086523,0.0,0.0,LDC-46656000,LDC-46656000,globalFaceBased,HardCodedCDF,julia,float64,cpu,true,true,32
130.9903362820513,130.791321,0.0,0.0,LDC-46656000,LDC-46656000,globalFaceBased,DynamicUpwind,julia,float64,cpu,true,true,32
139.1839645,138.891201,0.0,0.0,LDC-46656000,LDC-46656000,globalFaceBased,PrecalculatedWeightsUpwind,julia,float64,cpu,true,true,32
130.9475245128205,129.914425,0.0,0.0,LDC-46656000,LDC-46656000,globalFaceBased,DynamicCDF,julia,float64,cpu,true,true,32
140.51494183333335,139.75588,0.0,0.0,LDC-46656000,LDC-46656000,globalFaceBased,PrecalculatedWeightsCDF,julia,float64,cpu,true,true,32
131.4907806153846,131.291509,0.0,0.0,LDC-46656000,LDC-46656000,globalFaceBased,HardCodedUpwind,julia,float64,cpu,true,true,32

409.47647976923076,392.295195,0.0,0.0,LDC-46656000,LDC-46656000,batchedFace,HardCodedCDF,julia,float64,cpu,true,true,32
389.5907379230769,389.549269,0.0,0.0,LDC-46656000,LDC-46656000,batchedFace,DynamicUpwind,julia,float64,cpu,true,true,32
421.3178664166667,421.222478,0.0,0.0,LDC-46656000,LDC-46656000,batchedFace,PrecalculatedWeightsUpwind,julia,float64,cpu,true,true,32
391.88035346153845,391.830446,0.0,0.0,LDC-46656000,LDC-46656000,batchedFace,DynamicCDF,julia,float64,cpu,true,true,32
421.10395166666666,421.1740215,0.0,0.0,LDC-46656000,LDC-46656000,batchedFace,PrecalculatedWeightsCDF,julia,float64,cpu,true,true,32
389.58226915384614,389.572862,0.0,0.0,LDC-46656000,LDC-46656000,batchedFace,HardCodedUpwind,julia,float64,cpu,true,true,32

358.10016286666666,355.603845,0.0,0.0,LDC-46656000,LDC-46656000,cellBased,HardCodedCDF,julia,float64,cpu,true,true,32
376.8665559285714,377.466067,0.0,0.0,LDC-46656000,LDC-46656000,cellBased,DynamicUpwind,julia,float64,cpu,true,true,32
402.60336815384613,402.895354,0.0,0.0,LDC-46656000,LDC-46656000,cellBased,PrecalculatedWeightsUpwind,julia,float64,cpu,true,true,32
366.8578124285714,365.9824435,0.0,0.0,LDC-46656000,LDC-46656000,cellBased,DynamicCDF,julia,float64,cpu,true,true,32
403.50613038461535,403.83761,0.0,0.0,LDC-46656000,LDC-46656000,cellBased,PrecalculatedWeightsCDF,julia,float64,cpu,true,true,32
377.6682019285714,377.940504,0.0,0.0,LDC-46656000,LDC-46656000,cellBased,HardCodedUpwind,julia,float64,cpu,true,true,32

122.61202846341465,120.222149,0.0,0.0,LDC-46656000,LDC-46656000,faceBased,HardCodedCDF,julia,float64,cpu,true,true,64
120.63679692857143,120.523488,0.0,0.0,LDC-46656000,LDC-46656000,faceBased,DynamicUpwind,julia,float64,cpu,true,true,64
127.62230190000001,127.534345,0.0,0.0,LDC-46656000,LDC-46656000,faceBased,PrecalculatedWeightsUpwind,julia,float64,cpu,true,true,64
120.32818352380953,120.144547,0.0,0.0,LDC-46656000,LDC-46656000,faceBased,DynamicCDF,julia,float64,cpu,true,true,64
127.812511625,127.668049,0.0,0.0,LDC-46656000,LDC-46656000,faceBased,PrecalculatedWeightsCDF,julia,float64,cpu,true,true,64
120.41148023809524,120.317334,0.0,0.0,LDC-46656000,LDC-46656000,faceBased,HardCodedUpwind,julia,float64,cpu,true,true,64

119.76797921428572,119.3640885,0.0,0.0,LDC-46656000,LDC-46656000,globalFaceBased,HardCodedCDF,julia,float64,cpu,true,true,64
120.42590873809525,119.10019,0.0,0.0,LDC-46656000,LDC-46656000,globalFaceBased,DynamicUpwind,julia,float64,cpu,true,true,64
127.862566475,124.8259805,0.0,0.0,LDC-46656000,LDC-46656000,globalFaceBased,PrecalculatedWeightsUpwind,julia,float64,cpu,true,true,64
120.77345783333332,119.8596295,0.0,0.0,LDC-46656000,LDC-46656000,globalFaceBased,DynamicCDF,julia,float64,cpu,true,true,64
125.521303175,124.7650665,0.0,0.0,LDC-46656000,LDC-46656000,globalFaceBased,PrecalculatedWeightsCDF,julia,float64,cpu,true,true,64
117.8735658372093,118.364433,0.0,0.0,LDC-46656000,LDC-46656000,globalFaceBased,HardCodedUpwind,julia,float64,cpu,true,true,64

397.96851915384616,397.965125,0.0,0.0,LDC-46656000,LDC-46656000,batchedFace,HardCodedCDF,julia,float64,cpu,true,true,64
394.94456984615385,395.156952,0.0,0.0,LDC-46656000,LDC-46656000,batchedFace,DynamicUpwind,julia,float64,cpu,true,true,64
441.13184625,424.249339,0.0,0.0,LDC-46656000,LDC-46656000,batchedFace,PrecalculatedWeightsUpwind,julia,float64,cpu,true,true,64
395.98529684615386,396.227675,0.0,0.0,LDC-46656000,LDC-46656000,batchedFace,DynamicCDF,julia,float64,cpu,true,true,64
423.84900275,423.8947015,0.0,0.0,LDC-46656000,LDC-46656000,batchedFace,PrecalculatedWeightsCDF,julia,float64,cpu,true,true,64
395.05555984615387,394.591665,0.0,0.0,LDC-46656000,LDC-46656000,batchedFace,HardCodedUpwind,julia,float64,cpu,true,true,64

249.116847,249.184147,0.0,0.0,LDC-46656000,LDC-46656000,cellBased,HardCodedCDF,julia,float64,cpu,true,true,64
254.03484085,254.602715,0.0,0.0,LDC-46656000,LDC-46656000,cellBased,DynamicUpwind,julia,float64,cpu,true,true,64
267.208323368421,267.218832,0.0,0.0,LDC-46656000,LDC-46656000,cellBased,PrecalculatedWeightsUpwind,julia,float64,cpu,true,true,64
247.99481719047617,248.704938,0.0,0.0,LDC-46656000,LDC-46656000,cellBased,DynamicCDF,julia,float64,cpu,true,true,64
272.3228592105263,268.20692,0.0,0.0,LDC-46656000,LDC-46656000,cellBased,PrecalculatedWeightsCDF,julia,float64,cpu,true,true,64
253.92251715,254.8198085,0.0,0.0,LDC-46656000,LDC-46656000,cellBased,HardCodedUpwind,julia,float64,cpu,true,true,64

128.62879185,118.5787115,0.0,0.0,LDC-46656000,LDC-46656000,faceBased,HardCodedCDF,julia,float64,cpu,true,true,128
137.70526751351352,126.691534,0.0,0.0,LDC-46656000,LDC-46656000,faceBased,DynamicUpwind,julia,float64,cpu,true,true,128
140.69006005555556,132.070467,0.0,0.0,LDC-46656000,LDC-46656000,faceBased,PrecalculatedWeightsUpwind,julia,float64,cpu,true,true,128
137.73501786486486,134.386576,0.0,0.0,LDC-46656000,LDC-46656000,faceBased,DynamicCDF,julia,float64,cpu,true,true,128
136.11930754054055,125.829278,0.0,0.0,LDC-46656000,LDC-46656000,faceBased,PrecalculatedWeightsCDF,julia,float64,cpu,true,true,128
124.72292807317073,117.692238,0.0,0.0,LDC-46656000,LDC-46656000,faceBased,HardCodedUpwind,julia,float64,cpu,true,true,128

92.4415349090909,88.570583,0.0,0.0,LDC-46656000,LDC-46656000,globalFaceBased,HardCodedCDF,julia,float64,cpu,true,true,128
92.07754407272728,88.082772,0.0,0.0,LDC-46656000,LDC-46656000,globalFaceBased,DynamicUpwind,julia,float64,cpu,true,true,128
96.77190015384616,91.218565,0.0,0.0,LDC-46656000,LDC-46656000,globalFaceBased,PrecalculatedWeightsUpwind,julia,float64,cpu,true,true,128
92.0098731818182,89.378645,0.0,0.0,LDC-46656000,LDC-46656000,globalFaceBased,DynamicCDF,julia,float64,cpu,true,true,128
92.37437449090909,91.915874,0.0,0.0,LDC-46656000,LDC-46656000,globalFaceBased,PrecalculatedWeightsCDF,julia,float64,cpu,true,true,128
89.1525097017544,89.334113,0.0,0.0,LDC-46656000,LDC-46656000,globalFaceBased,HardCodedUpwind,julia,float64,cpu,true,true,128

345.81327639999995,342.822538,0.0,0.0,LDC-46656000,LDC-46656000,batchedFace,HardCodedCDF,julia,float64,cpu,true,true,128
190.16964566666667,187.251033,0.0,0.0,LDC-46656000,LDC-46656000,batchedFace,DynamicUpwind,julia,float64,cpu,true,true,128
187.946402,174.038248,0.0,0.0,LDC-46656000,LDC-46656000,batchedFace,PrecalculatedWeightsUpwind,julia,float64,cpu,true,true,128
190.13150362962963,176.294141,0.0,0.0,LDC-46656000,LDC-46656000,batchedFace,DynamicCDF,julia,float64,cpu,true,true,128
194.79377492307694,182.5075725,0.0,0.0,LDC-46656000,LDC-46656000,batchedFace,PrecalculatedWeightsCDF,julia,float64,cpu,true,true,128
171.03382663333332,170.813607,0.0,0.0,LDC-46656000,LDC-46656000,batchedFace,HardCodedUpwind,julia,float64,cpu,true,true,128

156.7543090625,157.9823925,0.0,0.0,LDC-46656000,LDC-46656000,cellBased,HardCodedCDF,julia,float64,cpu,true,true,128
161.28044328125,159.5453385,0.0,0.0,LDC-46656000,LDC-46656000,cellBased,DynamicUpwind,julia,float64,cpu,true,true,128
167.3175887666667,165.139119,0.0,0.0,LDC-46656000,LDC-46656000,cellBased,PrecalculatedWeightsUpwind,julia,float64,cpu,true,true,128
159.99426009375,156.478407,0.0,0.0,LDC-46656000,LDC-46656000,cellBased,DynamicCDF,julia,float64,cpu,true,true,128
164.83305487096774,164.846225,0.0,0.0,LDC-46656000,LDC-46656000,cellBased,PrecalculatedWeightsCDF,julia,float64,cpu,true,true,128
157.30475440625,158.352932,0.0,0.0,LDC-46656000,LDC-46656000,cellBased,HardCodedUpwind,julia,float64,cpu,true,true,128


1.24478076159601,1.240143,0.0,0.0,LDC-1000000,LDC-1000000,faceBased,Fused,julia,float64,cpu,true,true,128
26.269650465968585,26.434596,0.0,0.0,LDC-1000000,LDC-1000000,globalFaceBased,Fused,julia,float64,cpu,true,true,128
3.349001558981233,3.358377,0.0,0.0,LDC-1000000,LDC-1000000,batchedFace,Fused,julia,float64,cpu,true,true,128
1.6751182583025832,1.672397,0.0,0.0,LDC-1000000,LDC-1000000,cellBased,Fused,julia,float64,cpu,true,true,128
0.8344784634963162,0.79729,0.0,0.0,LDC-343000,LDC-343000,faceBased,Fused,julia,float64,cpu,true,true,128
26.478031608465606,26.954329,0.0,0.0,LDC-343000,LDC-343000,globalFaceBased,Fused,julia,float64,cpu,true,true,128
1.7675354249291786,1.7711825,0.0,0.0,LDC-343000,LDC-343000,batchedFace,Fused,julia,float64,cpu,true,true,128
0.2538697045,0.252667,0.0,0.0,LDC-343000,LDC-343000,cellBased,Fused,julia,float64,cpu,true,true,128
6.345350828680203,6.303332,0.0,0.0,LDC-3375000,LDC-3375000,faceBased,Fused,julia,float64,cpu,true,true,128
26.255724738219893,27.650294,0.0,0.0,LDC-3375000,LDC-3375000,globalFaceBased,Fused,julia,float64,cpu,true,true,128
22.196931777777777,22.070283,0.0,0.0,LDC-3375000,LDC-3375000,batchedFace,Fused,julia,float64,cpu,true,true,128
16.30293509120521,16.289943,0.0,0.0,LDC-3375000,LDC-3375000,cellBased,Fused,julia,float64,cpu,true,true,128
54.404954771739135,51.4293215,0.0,0.0,LDC-39304000,LDC-39304000,faceBased,Fused,julia,float64,cpu,true,true,128
67.24051653333333,67.215308,0.0,0.0,LDC-39304000,LDC-39304000,globalFaceBased,Fused,julia,float64,cpu,true,true,128
153.29675854545454,153.230307,0.0,0.0,LDC-39304000,LDC-39304000,batchedFace,Fused,julia,float64,cpu,true,true,128
124.82206373170732,124.802202,0.0,0.0,LDC-39304000,LDC-39304000,cellBased,Fused,julia,float64,cpu,true,true,128
0.8465927353590222,0.841926,0.0,0.0,LDC-512000,LDC-512000,faceBased,Fused,julia,float64,cpu,true,true,128
26.13858286979167,26.135436,0.0,0.0,LDC-512000,LDC-512000,globalFaceBased,Fused,julia,float64,cpu,true,true,128
1.788721047636103,1.796503,0.0,0.0,LDC-512000,LDC-512000,batchedFace,Fused,julia,float64,cpu,true,true,128
0.5555703779290337,0.5551575,0.0,0.0,LDC-512000,LDC-512000,cellBased,Fused,julia,float64,cpu,true,true,128
9.290673105947954,9.270596,0.0,0.0,LDC-4096000,LDC-4096000,faceBased,Fused,julia,float64,cpu,true,true,128
27.729113977900553,27.964206,0.0,0.0,LDC-4096000,LDC-4096000,globalFaceBased,Fused,julia,float64,cpu,true,true,128
32.664912207792206,32.6447655,0.0,0.0,LDC-4096000,LDC-4096000,batchedFace,Fused,julia,float64,cpu,true,true,128
7.801536271450858,7.790863,0.0,0.0,LDC-4096000,LDC-4096000,cellBased,Fused,julia,float64,cpu,true,true,128
1.435975873227207,1.423585,0.0,0.0,LDC-1000000,LDC-1000000,faceBased,Fused,julia,float64,cpu,true,true,128
27.036051080645162,27.160161,0.0,0.0,LDC-1000000,LDC-1000000,globalFaceBased,Fused,julia,float64,cpu,true,true,128
3.8551043839009287,3.933634,0.0,0.0,LDC-1000000,LDC-1000000,batchedFace,Fused,julia,float64,cpu,true,true,128
1.934007449090205,1.92881,0.0,0.0,LDC-1000000,LDC-1000000,cellBased,Fused,julia,float64,cpu,true,true,128
1.077329674227695,1.065364,0.0,0.0,LDC-729000,LDC-729000,faceBased,Fused,julia,float64,cpu,true,true,128
27.771105894444442,27.732898,0.0,0.0,LDC-729000,LDC-729000,globalFaceBased,Fused,julia,float64,cpu,true,true,128
2.414434345577574,2.396111,0.0,0.0,LDC-729000,LDC-729000,batchedFace,Fused,julia,float64,cpu,true,true,128
1.0560167265029636,1.049041,0.0,0.0,LDC-729000,LDC-729000,cellBased,Fused,julia,float64,cpu,true,true,128
1.7882612721701514,1.780005,0.0,0.0,LDC-1331000,LDC-1331000,faceBased,Fused,julia,float64,cpu,true,true,128
28.30143146327684,28.170119,0.0,0.0,LDC-1331000,LDC-1331000,globalFaceBased,Fused,julia,float64,cpu,true,true,128
4.677405135338345,4.76432,0.0,0.0,LDC-1331000,LDC-1331000,batchedFace,Fused,julia,float64,cpu,true,true,128
3.665417865835777,3.659477,0.0,0.0,LDC-1331000,LDC-1331000,cellBased,Fused,julia,float64,cpu,true,true,128
142.16033605555555,141.9991755,0.0,0.0,LDC-54872000,LDC-54872000,faceBased,Fused,julia,float64,cpu,true,true,128
98.13693749019608,100.241054,0.0,0.0,LDC-54872000,LDC-54872000,globalFaceBased,Fused,julia,float64,cpu,true,true,128
446.5526334166667,446.6628645,0.0,0.0,LDC-54872000,LDC-54872000,batchedFace,Fused,julia,float64,cpu,true,true,128
169.56433966666665,169.6448755,0.0,0.0,LDC-54872000,LDC-54872000,cellBased,Fused,julia,float64,cpu,true,true,128
52.235125125,52.1014435,0.0,0.0,LDC-32768000,LDC-32768000,faceBased,Fused,julia,float64,cpu,true,true,128
71.83419897142858,73.6546015,0.0,0.0,LDC-32768000,LDC-32768000,globalFaceBased,Fused,julia,float64,cpu,true,true,128
141.0278513888889,140.942352,0.0,0.0,LDC-32768000,LDC-32768000,batchedFace,Fused,julia,float64,cpu,true,true,128
85.64545162711865,84.532691,0.0,0.0,LDC-32768000,LDC-32768000,cellBased,Fused,julia,float64,cpu,true,true,128
181.76185582142855,181.906935,0.0,0.0,LDC-64000000,LDC-64000000,faceBased,Fused,julia,float64,cpu,true,true,128
136.67237827027026,133.057411,0.0,0.0,LDC-64000000,LDC-64000000,globalFaceBased,Fused,julia,float64,cpu,true,true,128
562.8036855555556,562.521763,0.0,0.0,LDC-64000000,LDC-64000000,batchedFace,Fused,julia,float64,cpu,true,true,128
327.3257875625,327.161288,0.0,0.0,LDC-64000000,LDC-64000000,cellBased,Fused,julia,float64,cpu,true,true,128
0.1407913164,0.141003,0.0,0.0,LDC-27000,LDC-27000,faceBased,Fused,julia,float64,cpu,true,true,128
27.446008491803276,27.473937,0.0,0.0,LDC-27000,LDC-27000,globalFaceBased,Fused,julia,float64,cpu,true,true,128
0.3625274202,0.323665,0.0,0.0,LDC-27000,LDC-27000,batchedFace,Fused,julia,float64,cpu,true,true,128
0.0273845544,0.027027,0.0,0.0,LDC-27000,LDC-27000,cellBased,Fused,julia,float64,cpu,true,true,128
35.676465226950356,35.701605,0.0,0.0,LDC-21952000,LDC-21952000,faceBased,Fused,julia,float64,cpu,true,true,128
53.07801482105263,52.069709,0.0,0.0,LDC-21952000,LDC-21952000,globalFaceBased,Fused,julia,float64,cpu,true,true,128
99.60107939215688,99.674625,0.0,0.0,LDC-21952000,LDC-21952000,batchedFace,Fused,julia,float64,cpu,true,true,128
78.7576826875,78.7010905,0.0,0.0,LDC-21952000,LDC-21952000,cellBased,Fused,julia,float64,cpu,true,true,128
0.2888058245,0.293798,0.0,0.0,LDC-64000,LDC-64000,faceBased,Fused,julia,float64,cpu,true,true,128
26.563372396825397,26.66237,0.0,0.0,LDC-64000,LDC-64000,globalFaceBased,Fused,julia,float64,cpu,true,true,128
0.5874747837423313,0.5873525,0.0,0.0,LDC-64000,LDC-64000,batchedFace,Fused,julia,float64,cpu,true,true,128
0.0472916757,0.047706,0.0,0.0,LDC-64000,LDC-64000,cellBased,Fused,julia,float64,cpu,true,true,128
22.025552524229077,21.992038,0.0,0.0,LDC-8000000,LDC-8000000,faceBased,Fused,julia,float64,cpu,true,true,128
21.457493545064377,20.287654,0.0,0.0,LDC-8000000,LDC-8000000,globalFaceBased,Fused,julia,float64,cpu,true,true,128
70.31449130555555,69.4167095,0.0,0.0,LDC-8000000,LDC-8000000,batchedFace,Fused,julia,float64,cpu,true,true,128
37.62900060150376,37.559983,0.0,0.0,LDC-8000000,LDC-8000000,cellBased,Fused,julia,float64,cpu,true,true,128
0.0357328822,0.037541,0.0,0.0,LDC-1000,LDC-1000,faceBased,Fused,julia,float64,cpu,true,true,128
26.60059523404255,26.605041,0.0,0.0,LDC-1000,LDC-1000,globalFaceBased,Fused,julia,float64,cpu,true,true,128
0.0866338845,0.0809215,0.0,0.0,LDC-1000,LDC-1000,batchedFace,Fused,julia,float64,cpu,true,true,128
0.012938896699999999,0.016062,0.0,0.0,LDC-1000,LDC-1000,cellBased,Fused,julia,float64,cpu,true,true,128
47.525051094339624,47.3754375,0.0,0.0,LDC-27000000,LDC-27000000,faceBased,Fused,julia,float64,cpu,true,true,128
37.70190638345864,37.189218,0.0,0.0,LDC-27000000,LDC-27000000,globalFaceBased,Fused,julia,float64,cpu,true,true,128
165.88572958064518,165.929586,0.0,0.0,LDC-27000000,LDC-27000000,batchedFace,Fused,julia,float64,cpu,true,true,128
103.85926385714285,103.577895,0.0,0.0,LDC-27000000,LDC-27000000,cellBased,Fused,julia,float64,cpu,true,true,128
0.0780541817,0.0780175,0.0,0.0,LDC-8000,LDC-8000,faceBased,Fused,julia,float64,cpu,true,true,128
26.587450074074074,26.8169,0.0,0.0,LDC-8000,LDC-8000,globalFaceBased,Fused,julia,float64,cpu,true,true,128
0.20612596160000002,0.20292,0.0,0.0,LDC-8000,LDC-8000,batchedFace,Fused,julia,float64,cpu,true,true,128
0.0154657683,0.0189915,0.0,0.0,LDC-8000,LDC-8000,cellBased,Fused,julia,float64,cpu,true,true,128
7.119370702279203,7.111098,0.0,0.0,LDC-5832000,LDC-5832000,faceBased,Fused,julia,float64,cpu,true,true,128
29.74228550295858,29.233136,0.0,0.0,LDC-5832000,LDC-5832000,globalFaceBased,Fused,julia,float64,cpu,true,true,128
24.13972074396135,24.021333,0.0,0.0,LDC-5832000,LDC-5832000,batchedFace,Fused,julia,float64,cpu,true,true,128
10.422779475,10.4182445,0.0,0.0,LDC-5832000,LDC-5832000,cellBased,Fused,julia,float64,cpu,true,true,128
25.381309543147207,25.350853,0.0,0.0,LDC-17576000,LDC-17576000,faceBased,Fused,julia,float64,cpu,true,true,128
36.51264678985507,35.358122,0.0,0.0,LDC-17576000,LDC-17576000,globalFaceBased,Fused,julia,float64,cpu,true,true,128
90.45843771428572,90.1661705,0.0,0.0,LDC-17576000,LDC-17576000,batchedFace,Fused,julia,float64,cpu,true,true,128
45.607480845454546,45.570378,0.0,0.0,LDC-17576000,LDC-17576000,cellBased,Fused,julia,float64,cpu,true,true,128
39.471301645669286,39.547801,0.0,0.0,LDC-13824000,LDC-13824000,faceBased,Fused,julia,float64,cpu,true,true,128
34.82294840972222,34.8709195,0.0,0.0,LDC-13824000,LDC-13824000,globalFaceBased,Fused,julia,float64,cpu,true,true,128
56.25922420224719,56.301844,0.0,0.0,LDC-13824000,LDC-13824000,batchedFace,Fused,julia,float64,cpu,true,true,128
44.14578999122807,44.1091395,0.0,0.0,LDC-13824000,LDC-13824000,cellBased,Fused,julia,float64,cpu,true,true,128
0.31597164640000003,0.315509,0.0,0.0,LDC-125000,LDC-125000,faceBased,Fused,julia,float64,cpu,true,true,128
27.247538358695653,27.321266,0.0,0.0,LDC-125000,LDC-125000,globalFaceBased,Fused,julia,float64,cpu,true,true,128
0.868556886450714,0.8766705,0.0,0.0,LDC-125000,LDC-125000,batchedFace,Fused,julia,float64,cpu,true,true,128
0.0949972077,0.09476,0.0,0.0,LDC-125000,LDC-125000,cellBased,Fused,julia,float64,cpu,true,true,128
28.72395125142857,28.629776,0.0,0.0,LDC-10648000,LDC-10648000,faceBased,Fused,julia,float64,cpu,true,true,128
33.34245132,33.6767565,0.0,0.0,LDC-10648000,LDC-10648000,globalFaceBased,Fused,julia,float64,cpu,true,true,128
97.99395151923076,97.8619575,0.0,0.0,LDC-10648000,LDC-10648000,batchedFace,Fused,julia,float64,cpu,true,true,128
58.932347752941176,58.879089,0.0,0.0,LDC-10648000,LDC-10648000,cellBased,Fused,julia,float64,cpu,true,true,128
19.388584286821704,19.310794,0.0,0.0,LDC-6859000,LDC-6859000,faceBased,Fused,julia,float64,cpu,true,true,128
29.55286688235294,29.871723,0.0,0.0,LDC-6859000,LDC-6859000,globalFaceBased,Fused,julia,float64,cpu,true,true,128
61.7946012345679,61.758429,0.0,0.0,LDC-6859000,LDC-6859000,batchedFace,Fused,julia,float64,cpu,true,true,128
34.594631441379306,34.549938,0.0,0.0,LDC-6859000,LDC-6859000,cellBased,Fused,julia,float64,cpu,true,true,128
136.94031205405406,145.898775,0.0,0.0,LDC-46656000,LDC-46656000,faceBased,Fused,julia,float64,cpu,true,true,128
78.08697723076924,72.746528,0.0,0.0,LDC-46656000,LDC-46656000,globalFaceBased,Fused,julia,float64,cpu,true,true,128
192.57242,192.0669195,0.0,0.0,LDC-46656000,LDC-46656000,batchedFace,Fused,julia,float64,cpu,true,true,128
137.3238641081081,137.095758,0.0,0.0,LDC-46656000,LDC-46656000,cellBased,Fused,julia,float64,cpu,true,true,128
5.591804611422173,5.297555,0.0,0.0,LDC-2744000,LDC-2744000,faceBased,Fused,julia,float64,cpu,true,true,128
29.408928152941176,29.1135795,0.0,0.0,LDC-2744000,LDC-2744000,globalFaceBased,Fused,julia,float64,cpu,true,true,128
20.163634580645162,20.1168565,0.0,0.0,LDC-2744000,LDC-2744000,batchedFace,Fused,julia,float64,cpu,true,true,128
13.976100075418994,14.0184495,0.0,0.0,LDC-2744000,LDC-2744000,cellBased,Fused,julia,float64,cpu,true,true,128
2.163568949718249,2.145752,0.0,0.0,LDC-1728000,LDC-1728000,faceBased,Fused,julia,float64,cpu,true,true,128
29.52821384117647,29.5980175,0.0,0.0,LDC-1728000,LDC-1728000,globalFaceBased,Fused,julia,float64,cpu,true,true,128
6.235955002493765,6.1414855,0.0,0.0,LDC-1728000,LDC-1728000,batchedFace,Fused,julia,float64,cpu,true,true,128
5.5549575099999995,5.551198,0.0,0.0,LDC-1728000,LDC-1728000,cellBased,Fused,julia,float64,cpu,true,true,128
2.9677167646356035,2.959131,0.0,0.0,LDC-2197000,LDC-2197000,faceBased,Fused,julia,float64,cpu,true,true,128
30.44809855151515,30.149641,0.0,0.0,LDC-2197000,LDC-2197000,globalFaceBased,Fused,julia,float64,cpu,true,true,128
8.686669233043478,8.702683,0.0,0.0,LDC-2197000,LDC-2197000,batchedFace,Fused,julia,float64,cpu,true,true,128
6.2419486367041195,6.201362,0.0,0.0,LDC-2197000,LDC-2197000,cellBased,Fused,julia,float64,cpu,true,true,128
0.5339700716892037,0.526935,0.0,0.0,LDC-216000,LDC-216000,faceBased,Fused,julia,float64,cpu,true,true,128
28.67913853142857,28.70946,0.0,0.0,LDC-216000,LDC-216000,globalFaceBased,Fused,julia,float64,cpu,true,true,128
1.1395374704270382,1.145566,0.0,0.0,LDC-216000,LDC-216000,batchedFace,Fused,julia,float64,cpu,true,true,128
0.14427780480000002,0.1430965,0.0,0.0,LDC-216000,LDC-216000,cellBased,Fused,julia,float64,cpu,true,true,128
11.241801982022471,11.142811,0.0,0.0,LDC-4913000,LDC-4913000,faceBased,Fused,julia,float64,cpu,true,true,128
31.050888419753086,31.049089,0.0,0.0,LDC-4913000,LDC-4913000,globalFaceBased,Fused,julia,float64,cpu,true,true,128
39.60199267716535,39.570643,0.0,0.0,LDC-4913000,LDC-4913000,batchedFace,Fused,julia,float64,cpu,true,true,128
22.708019404545457,22.696867,0.0,0.0,LDC-4913000,LDC-4913000,cellBased,Fused,julia,float64,cpu,true,true,128
