time_mean_ms,time_median_ms,gc_time_mean_ms,gc_time_median_ms,case_short,case_long,strategy,variant,language,precision,executor,use_kernelAbstractions,use_fusing,Threads
0.0270197943,0.026925,0.0,0.0,LDC-1000,LDC-1000,faceBased,HardCodedCDF,julia,float64,gpu,true,true,1
0.0278151354,0.0277195,0.0,0.0,LDC-1000,LDC-1000,faceBased,DynamicUpwind,julia,float64,gpu,true,true,1
0.028593924599999997,0.0284275,0.0,0.0,LDC-1000,LDC-1000,faceBased,PrecalculatedWeightsUpwind,julia,float64,gpu,true,true,1
0.027663750499999997,0.027578,0.0,0.0,LDC-1000,LDC-1000,faceBased,DynamicCDF,julia,float64,gpu,true,true,1
0.0285285756,0.028413,0.0,0.0,LDC-1000,LDC-1000,faceBased,PrecalculatedWeightsCDF,julia,float64,gpu,true,true,1
0.0270265695,0.026953,0.0,0.0,LDC-1000,LDC-1000,faceBased,HardCodedUpwind,julia,float64,gpu,true,true,1
0.0272957071,0.027209,0.0,0.0,LDC-1000,LDC-1000,faceBased,Fused,julia,float64,gpu,true,true,1
0.0998461908,0.098179,0.0007151998,0.0,LDC-1000,LDC-1000,batchedFace,HardCodedCDF,julia,float64,gpu,true,true,1
0.10351702060000001,0.1019045,0.0007264441000000001,0.0,LDC-1000,LDC-1000,batchedFace,DynamicUpwind,julia,float64,gpu,true,true,1
0.1018736393,0.100342,0.0007781251,0.0,LDC-1000,LDC-1000,batchedFace,PrecalculatedWeightsUpwind,julia,float64,gpu,true,true,1
0.1036719526,0.1021135,0.0008372708,0.0,LDC-1000,LDC-1000,batchedFace,DynamicCDF,julia,float64,gpu,true,true,1
0.1022885301,0.10085,0.0008207584,0.0,LDC-1000,LDC-1000,batchedFace,PrecalculatedWeightsCDF,julia,float64,gpu,true,true,1
0.10056335000000001,0.0989635,0.0008335195,0.0,LDC-1000,LDC-1000,batchedFace,HardCodedUpwind,julia,float64,gpu,true,true,1
0.1020358955,0.100495,0.0009565447000000001,0.0,LDC-1000,LDC-1000,batchedFace,Fused,julia,float64,gpu,true,true,1
0.0696519253,0.069614,0.0,0.0,LDC-1000,LDC-1000,cellBased,HardCodedCDF,julia,float64,gpu,true,true,1
0.065701879,0.065634,0.0,0.0,LDC-1000,LDC-1000,cellBased,DynamicUpwind,julia,float64,gpu,true,true,1
0.06621532790000001,0.066167,0.0,0.0,LDC-1000,LDC-1000,cellBased,PrecalculatedWeightsUpwind,julia,float64,gpu,true,true,1
0.0648947816,0.064837,0.0,0.0,LDC-1000,LDC-1000,cellBased,DynamicCDF,julia,float64,gpu,true,true,1
0.06632123799999999,0.066244,0.0,0.0,LDC-1000,LDC-1000,cellBased,PrecalculatedWeightsCDF,julia,float64,gpu,true,true,1
0.0648795852,0.064841,0.0,0.0,LDC-1000,LDC-1000,cellBased,HardCodedUpwind,julia,float64,gpu,true,true,1
0.050375692199999995,0.050288,0.0,0.0,LDC-1000,LDC-1000,cellBased,Fused,julia,float64,gpu,true,true,1
0.14629270430000002,0.1437335,0.0,0.0,LDC-343000,LDC-343000,faceBased,HardCodedCDF,julia,float64,gpu,true,true,1
0.1534342218,0.153035,0.0,0.0,LDC-343000,LDC-343000,faceBased,DynamicUpwind,julia,float64,gpu,true,true,1
0.1565750462,0.156151,0.0,0.0,LDC-343000,LDC-343000,faceBased,PrecalculatedWeightsUpwind,julia,float64,gpu,true,true,1
0.1528174454,0.1524655,0.0,0.0,LDC-343000,LDC-343000,faceBased,DynamicCDF,julia,float64,gpu,true,true,1
0.1563476819,0.156155,0.0,0.0,LDC-343000,LDC-343000,faceBased,PrecalculatedWeightsCDF,julia,float64,gpu,true,true,1
0.15180500419999998,0.15162,0.0,0.0,LDC-343000,LDC-343000,faceBased,HardCodedUpwind,julia,float64,gpu,true,true,1
0.15174323809999998,0.151527,0.0,0.0,LDC-343000,LDC-343000,faceBased,Fused,julia,float64,gpu,true,true,1
0.1411863431,0.140695,0.0,0.0,LDC-343000,LDC-343000,batchedFace,HardCodedCDF,julia,float64,gpu,true,true,1
0.1298767173,0.129328,0.0,0.0,LDC-343000,LDC-343000,batchedFace,DynamicUpwind,julia,float64,gpu,true,true,1
0.1351006657,0.1346455,0.0,0.0,LDC-343000,LDC-343000,batchedFace,PrecalculatedWeightsUpwind,julia,float64,gpu,true,true,1
0.1290670152,0.128516,0.0,0.0,LDC-343000,LDC-343000,batchedFace,DynamicCDF,julia,float64,gpu,true,true,1
0.1352402885,0.134839,0.0,0.0,LDC-343000,LDC-343000,batchedFace,PrecalculatedWeightsCDF,julia,float64,gpu,true,true,1
0.1254329398,0.1247525,0.0,0.0,LDC-343000,LDC-343000,batchedFace,HardCodedUpwind,julia,float64,gpu,true,true,1
0.1349520633,0.133095,0.0,0.0,LDC-343000,LDC-343000,batchedFace,Fused,julia,float64,gpu,true,true,1
0.1988238288,0.1986195,0.0,0.0,LDC-343000,LDC-343000,cellBased,HardCodedCDF,julia,float64,gpu,true,true,1
0.2251208479,0.224222,0.0,0.0,LDC-343000,LDC-343000,cellBased,DynamicUpwind,julia,float64,gpu,true,true,1
0.2318170049,0.231673,0.0,0.0,LDC-343000,LDC-343000,cellBased,PrecalculatedWeightsUpwind,julia,float64,gpu,true,true,1
0.2216391677,0.2214725,0.0,0.0,LDC-343000,LDC-343000,cellBased,DynamicCDF,julia,float64,gpu,true,true,1
0.2318646001,0.231803,0.0,0.0,LDC-343000,LDC-343000,cellBased,PrecalculatedWeightsCDF,julia,float64,gpu,true,true,1
0.2230392316,0.222984,0.0,0.0,LDC-343000,LDC-343000,cellBased,HardCodedUpwind,julia,float64,gpu,true,true,1
0.2079085816,0.2077835,0.0,0.0,LDC-343000,LDC-343000,cellBased,Fused,julia,float64,gpu,true,true,1
1.2050663330113498,1.126445,0.0,0.0,LDC-3375000,LDC-3375000,faceBased,HardCodedCDF,julia,float64,gpu,true,true,1
1.22024253962818,1.20444,0.0,0.0,LDC-3375000,LDC-3375000,faceBased,DynamicUpwind,julia,float64,gpu,true,true,1
1.2879134288297598,1.293673,0.0,0.0,LDC-3375000,LDC-3375000,faceBased,PrecalculatedWeightsUpwind,julia,float64,gpu,true,true,1
1.3216850663481954,1.3745195,0.0,0.0,LDC-3375000,LDC-3375000,faceBased,DynamicCDF,julia,float64,gpu,true,true,1
1.3531340622282608,1.396748,0.0,0.0,LDC-3375000,LDC-3375000,faceBased,PrecalculatedWeightsCDF,julia,float64,gpu,true,true,1
1.3168797773075904,1.363271,0.0,0.0,LDC-3375000,LDC-3375000,faceBased,HardCodedUpwind,julia,float64,gpu,true,true,1
1.3156434158964878,1.355642,0.0,0.0,LDC-3375000,LDC-3375000,faceBased,Fused,julia,float64,gpu,true,true,1
0.4416827458,0.4410695,0.0,0.0,LDC-3375000,LDC-3375000,batchedFace,HardCodedCDF,julia,float64,gpu,true,true,1
0.4190837959,0.4207635,0.0,0.0,LDC-3375000,LDC-3375000,batchedFace,DynamicUpwind,julia,float64,gpu,true,true,1
0.4128960036,0.412378,0.0,0.0,LDC-3375000,LDC-3375000,batchedFace,PrecalculatedWeightsUpwind,julia,float64,gpu,true,true,1
0.39982887359999997,0.3991265,0.0,0.0,LDC-3375000,LDC-3375000,batchedFace,DynamicCDF,julia,float64,gpu,true,true,1
0.4121972089,0.4118215,0.0,0.0,LDC-3375000,LDC-3375000,batchedFace,PrecalculatedWeightsCDF,julia,float64,gpu,true,true,1
0.39725263380000003,0.3971725,0.0,0.0,LDC-3375000,LDC-3375000,batchedFace,HardCodedUpwind,julia,float64,gpu,true,true,1
0.406990315,0.406516,0.0,0.0,LDC-3375000,LDC-3375000,batchedFace,Fused,julia,float64,gpu,true,true,1
1.404075388185654,1.328647,0.0,0.0,LDC-3375000,LDC-3375000,cellBased,HardCodedCDF,julia,float64,gpu,true,true,1
1.7516027055516514,1.785235,0.0,0.0,LDC-3375000,LDC-3375000,cellBased,DynamicUpwind,julia,float64,gpu,true,true,1
1.8046313254887763,1.8365395,0.0,0.0,LDC-3375000,LDC-3375000,cellBased,PrecalculatedWeightsUpwind,julia,float64,gpu,true,true,1
1.7242914685121107,1.7551525,0.0,0.0,LDC-3375000,LDC-3375000,cellBased,DynamicCDF,julia,float64,gpu,true,true,1
1.8049566118754525,1.8364565,0.0,0.0,LDC-3375000,LDC-3375000,cellBased,PrecalculatedWeightsCDF,julia,float64,gpu,true,true,1
1.726723420159335,1.765223,0.0,0.0,LDC-3375000,LDC-3375000,cellBased,HardCodedUpwind,julia,float64,gpu,true,true,1
1.713136210237032,1.755096,0.0,0.0,LDC-3375000,LDC-3375000,cellBased,Fused,julia,float64,gpu,true,true,1
12.49716037,12.4987335,0.0,0.0,LDC-39304000,LDC-39304000,faceBased,HardCodedCDF,julia,float64,gpu,true,true,1
12.494350154613468,12.491251,0.0,0.0,LDC-39304000,LDC-39304000,faceBased,DynamicUpwind,julia,float64,gpu,true,true,1
13.025039372395835,13.0173675,0.0,0.0,LDC-39304000,LDC-39304000,faceBased,PrecalculatedWeightsUpwind,julia,float64,gpu,true,true,1
12.435044037313434,12.4331305,0.0,0.0,LDC-39304000,LDC-39304000,faceBased,DynamicCDF,julia,float64,gpu,true,true,1
13.023699890625,13.0209845,0.0,0.0,LDC-39304000,LDC-39304000,faceBased,PrecalculatedWeightsCDF,julia,float64,gpu,true,true,1
12.437213992537314,12.419739,0.0,0.0,LDC-39304000,LDC-39304000,faceBased,HardCodedUpwind,julia,float64,gpu,true,true,1
12.4285285955335,12.427046,0.0,0.0,LDC-39304000,LDC-39304000,faceBased,Fused,julia,float64,gpu,true,true,1
4.144665353233831,3.988381,0.0,0.0,LDC-39304000,LDC-39304000,batchedFace,HardCodedCDF,julia,float64,gpu,true,true,1
3.57355435382416,3.44366,0.0,0.0,LDC-39304000,LDC-39304000,batchedFace,DynamicUpwind,julia,float64,gpu,true,true,1
3.7969377165653495,3.643207,0.0,0.0,LDC-39304000,LDC-39304000,batchedFace,PrecalculatedWeightsUpwind,julia,float64,gpu,true,true,1
3.591235579741379,3.4402135,0.0,0.0,LDC-39304000,LDC-39304000,batchedFace,DynamicCDF,julia,float64,gpu,true,true,1
3.6735701880969875,3.631335,0.0,0.0,LDC-39304000,LDC-39304000,batchedFace,PrecalculatedWeightsCDF,julia,float64,gpu,true,true,1
3.552043599857854,3.425512,0.0,0.0,LDC-39304000,LDC-39304000,batchedFace,HardCodedUpwind,julia,float64,gpu,true,true,1
3.6981733587278103,3.5784695,0.0,0.0,LDC-39304000,LDC-39304000,batchedFace,Fused,julia,float64,gpu,true,true,1
14.029459963585435,14.030037,0.0,0.0,LDC-39304000,LDC-39304000,cellBased,HardCodedCDF,julia,float64,gpu,true,true,1
16.65791288704319,16.65736,0.0,0.0,LDC-39304000,LDC-39304000,cellBased,DynamicUpwind,julia,float64,gpu,true,true,1
17.656834806338026,17.6557105,0.0,0.0,LDC-39304000,LDC-39304000,cellBased,PrecalculatedWeightsUpwind,julia,float64,gpu,true,true,1
16.420231121311474,16.420044,0.0,0.0,LDC-39304000,LDC-39304000,cellBased,DynamicCDF,julia,float64,gpu,true,true,1
17.672087756183746,17.654792,0.0,0.0,LDC-39304000,LDC-39304000,cellBased,PrecalculatedWeightsCDF,julia,float64,gpu,true,true,1
16.645623252491696,16.64682,0.0,0.0,LDC-39304000,LDC-39304000,cellBased,HardCodedUpwind,julia,float64,gpu,true,true,1
17.407641559027777,17.39538,0.0,0.0,LDC-39304000,LDC-39304000,cellBased,Fused,julia,float64,gpu,true,true,1
0.2065579302,0.205891,0.0,0.0,LDC-512000,LDC-512000,faceBased,HardCodedCDF,julia,float64,gpu,true,true,1
0.2069484176,0.206727,0.0,0.0,LDC-512000,LDC-512000,faceBased,DynamicUpwind,julia,float64,gpu,true,true,1
0.2119328818,0.211526,0.0,0.0,LDC-512000,LDC-512000,faceBased,PrecalculatedWeightsUpwind,julia,float64,gpu,true,true,1
0.2069510558,0.206222,0.0,0.0,LDC-512000,LDC-512000,faceBased,DynamicCDF,julia,float64,gpu,true,true,1
0.2119308576,0.211574,0.0,0.0,LDC-512000,LDC-512000,faceBased,PrecalculatedWeightsCDF,julia,float64,gpu,true,true,1
0.20555672419999999,0.205229,0.0,0.0,LDC-512000,LDC-512000,faceBased,HardCodedUpwind,julia,float64,gpu,true,true,1
0.2053596796,0.205152,0.0,0.0,LDC-512000,LDC-512000,faceBased,Fused,julia,float64,gpu,true,true,1
0.1571148299,0.1563605,0.0,0.0,LDC-512000,LDC-512000,batchedFace,HardCodedCDF,julia,float64,gpu,true,true,1
0.1573374677,0.156627,0.0,0.0,LDC-512000,LDC-512000,batchedFace,DynamicUpwind,julia,float64,gpu,true,true,1
0.15507063440000002,0.1545275,0.0,0.0,LDC-512000,LDC-512000,batchedFace,PrecalculatedWeightsUpwind,julia,float64,gpu,true,true,1
0.1562138409,0.155521,0.0,0.0,LDC-512000,LDC-512000,batchedFace,DynamicCDF,julia,float64,gpu,true,true,1
0.1545614761,0.1541675,0.0,0.0,LDC-512000,LDC-512000,batchedFace,PrecalculatedWeightsCDF,julia,float64,gpu,true,true,1
0.15305709750000002,0.1525045,0.0,0.0,LDC-512000,LDC-512000,batchedFace,HardCodedUpwind,julia,float64,gpu,true,true,1
0.1531100997,0.1526425,0.0,0.0,LDC-512000,LDC-512000,batchedFace,Fused,julia,float64,gpu,true,true,1
0.339552088,0.2874805,0.0,0.0,LDC-512000,LDC-512000,cellBased,HardCodedCDF,julia,float64,gpu,true,true,1
0.5374677161373946,0.543703,0.0,0.0,LDC-512000,LDC-512000,cellBased,DynamicUpwind,julia,float64,gpu,true,true,1
0.5111044858287123,0.4899105,0.0,0.0,LDC-512000,LDC-512000,cellBased,PrecalculatedWeightsUpwind,julia,float64,gpu,true,true,1
0.526931563559322,0.53371,0.0,0.0,LDC-512000,LDC-512000,cellBased,DynamicCDF,julia,float64,gpu,true,true,1
0.5356283175850194,0.5237245,0.0,0.0,LDC-512000,LDC-512000,cellBased,PrecalculatedWeightsCDF,julia,float64,gpu,true,true,1
0.5317497520564043,0.536151,0.0,0.0,LDC-512000,LDC-512000,cellBased,HardCodedUpwind,julia,float64,gpu,true,true,1
0.4601059913,0.4543815,0.0,0.0,LDC-512000,LDC-512000,cellBased,Fused,julia,float64,gpu,true,true,1
1.4088338442437924,1.338702,0.0,0.0,LDC-4096000,LDC-4096000,faceBased,HardCodedCDF,julia,float64,gpu,true,true,1
1.5617878545910373,1.591489,0.0,0.0,LDC-4096000,LDC-4096000,faceBased,DynamicUpwind,julia,float64,gpu,true,true,1
1.383508241971207,1.3808845,0.0,0.0,LDC-4096000,LDC-4096000,faceBased,PrecalculatedWeightsUpwind,julia,float64,gpu,true,true,1
1.3393863503082284,1.336116,0.0,0.0,LDC-4096000,LDC-4096000,faceBased,DynamicCDF,julia,float64,gpu,true,true,1
1.5173062369942196,1.515012,0.0,0.0,LDC-4096000,LDC-4096000,faceBased,PrecalculatedWeightsCDF,julia,float64,gpu,true,true,1
1.5287099730144127,1.571079,0.0,0.0,LDC-4096000,LDC-4096000,faceBased,HardCodedUpwind,julia,float64,gpu,true,true,1
1.5125703972685887,1.533759,0.0,0.0,LDC-4096000,LDC-4096000,faceBased,Fused,julia,float64,gpu,true,true,1
0.5177208828464885,0.517477,0.0,0.0,LDC-4096000,LDC-4096000,batchedFace,HardCodedCDF,julia,float64,gpu,true,true,1
0.4656785743,0.465512,0.0,0.0,LDC-4096000,LDC-4096000,batchedFace,DynamicUpwind,julia,float64,gpu,true,true,1
0.48123390779999997,0.4811515,0.0,0.0,LDC-4096000,LDC-4096000,batchedFace,PrecalculatedWeightsUpwind,julia,float64,gpu,true,true,1
0.4641165137,0.463779,0.0,0.0,LDC-4096000,LDC-4096000,batchedFace,DynamicCDF,julia,float64,gpu,true,true,1
0.4810013967,0.4805715,0.0,0.0,LDC-4096000,LDC-4096000,batchedFace,PrecalculatedWeightsCDF,julia,float64,gpu,true,true,1
0.4620822637,0.461447,0.0,0.0,LDC-4096000,LDC-4096000,batchedFace,HardCodedUpwind,julia,float64,gpu,true,true,1
0.4739902142,0.473679,0.0,0.0,LDC-4096000,LDC-4096000,batchedFace,Fused,julia,float64,gpu,true,true,1
1.655947917467683,1.607504,0.0,0.0,LDC-4096000,LDC-4096000,cellBased,HardCodedCDF,julia,float64,gpu,true,true,1
2.080987450146016,2.092737,0.0,0.0,LDC-4096000,LDC-4096000,cellBased,DynamicUpwind,julia,float64,gpu,true,true,1
2.1490410913399396,2.172613,0.0,0.0,LDC-4096000,LDC-4096000,cellBased,PrecalculatedWeightsUpwind,julia,float64,gpu,true,true,1
2.079840396076795,2.0859365,0.0,0.0,LDC-4096000,LDC-4096000,cellBased,DynamicCDF,julia,float64,gpu,true,true,1
2.190852119947276,2.185163,0.0,0.0,LDC-4096000,LDC-4096000,cellBased,PrecalculatedWeightsCDF,julia,float64,gpu,true,true,1
2.1052027214014353,2.102942,0.0,0.0,LDC-4096000,LDC-4096000,cellBased,HardCodedUpwind,julia,float64,gpu,true,true,1
2.0481813751027116,2.045721,0.0,0.0,LDC-4096000,LDC-4096000,cellBased,Fused,julia,float64,gpu,true,true,1
0.3687448117,0.3679185,0.0,0.0,LDC-1000000,LDC-1000000,faceBased,HardCodedCDF,julia,float64,gpu,true,true,1
0.3701542572,0.3696,0.0,0.0,LDC-1000000,LDC-1000000,faceBased,DynamicUpwind,julia,float64,gpu,true,true,1
0.5498283605164423,0.5201095,0.0,0.0,LDC-1000000,LDC-1000000,faceBased,PrecalculatedWeightsUpwind,julia,float64,gpu,true,true,1
0.5765862955071792,0.56713,0.0,0.0,LDC-1000000,LDC-1000000,faceBased,DynamicCDF,julia,float64,gpu,true,true,1
0.5758636716763006,0.5309515,0.0,0.0,LDC-1000000,LDC-1000000,faceBased,PrecalculatedWeightsCDF,julia,float64,gpu,true,true,1
0.5693030228571428,0.5272995,0.0,0.0,LDC-1000000,LDC-1000000,faceBased,HardCodedUpwind,julia,float64,gpu,true,true,1
0.5619435221069253,0.52531,0.0,0.0,LDC-1000000,LDC-1000000,faceBased,Fused,julia,float64,gpu,true,true,1
0.2402504418,0.239318,0.0,0.0,LDC-1000000,LDC-1000000,batchedFace,HardCodedCDF,julia,float64,gpu,true,true,1
0.2306170119,0.229554,0.0,0.0,LDC-1000000,LDC-1000000,batchedFace,DynamicUpwind,julia,float64,gpu,true,true,1
0.2280351349,0.2270325,0.0,0.0,LDC-1000000,LDC-1000000,batchedFace,PrecalculatedWeightsUpwind,julia,float64,gpu,true,true,1
0.1976305673,0.1969455,0.0,0.0,LDC-1000000,LDC-1000000,batchedFace,DynamicCDF,julia,float64,gpu,true,true,1
0.1971283522,0.196569,0.0,0.0,LDC-1000000,LDC-1000000,batchedFace,PrecalculatedWeightsCDF,julia,float64,gpu,true,true,1
0.1946462013,0.194103,0.0,0.0,LDC-1000000,LDC-1000000,batchedFace,HardCodedUpwind,julia,float64,gpu,true,true,1
0.1946274209,0.194137,0.0,0.0,LDC-1000000,LDC-1000000,batchedFace,Fused,julia,float64,gpu,true,true,1
0.5238441714285714,0.4704985,0.0,0.0,LDC-1000000,LDC-1000000,cellBased,HardCodedCDF,julia,float64,gpu,true,true,1
0.6695688371028541,0.7131665,0.0,0.0,LDC-1000000,LDC-1000000,cellBased,DynamicUpwind,julia,float64,gpu,true,true,1
0.6629207565263718,0.6703385,0.0,0.0,LDC-1000000,LDC-1000000,cellBased,PrecalculatedWeightsUpwind,julia,float64,gpu,true,true,1
0.6489657273675972,0.6808795,0.0,0.0,LDC-1000000,LDC-1000000,cellBased,DynamicCDF,julia,float64,gpu,true,true,1
0.6672224737830226,0.671665,0.0,0.0,LDC-1000000,LDC-1000000,cellBased,PrecalculatedWeightsCDF,julia,float64,gpu,true,true,1
0.6536447512810406,0.703709,0.0,0.0,LDC-1000000,LDC-1000000,cellBased,HardCodedUpwind,julia,float64,gpu,true,true,1
0.6076258856898865,0.606962,0.0,0.0,LDC-1000000,LDC-1000000,cellBased,Fused,julia,float64,gpu,true,true,1
0.2766022338,0.2759325,0.0,0.0,LDC-729000,LDC-729000,faceBased,HardCodedCDF,julia,float64,gpu,true,true,1
0.2762221926,0.2765685,0.0,0.0,LDC-729000,LDC-729000,faceBased,DynamicUpwind,julia,float64,gpu,true,true,1
0.2829632818,0.283561,0.0,0.0,LDC-729000,LDC-729000,faceBased,PrecalculatedWeightsUpwind,julia,float64,gpu,true,true,1
0.2746929928,0.2751795,0.0,0.0,LDC-729000,LDC-729000,faceBased,DynamicCDF,julia,float64,gpu,true,true,1
0.2829359106,0.2835165,0.0,0.0,LDC-729000,LDC-729000,faceBased,PrecalculatedWeightsCDF,julia,float64,gpu,true,true,1
0.2848522539,0.2844605,0.0,0.0,LDC-729000,LDC-729000,faceBased,HardCodedUpwind,julia,float64,gpu,true,true,1
0.28446056880000004,0.2842795,0.0,0.0,LDC-729000,LDC-729000,faceBased,Fused,julia,float64,gpu,true,true,1
0.18401034289999998,0.183475,0.0,0.0,LDC-729000,LDC-729000,batchedFace,HardCodedCDF,julia,float64,gpu,true,true,1
0.174164098,0.1736185,0.0,0.0,LDC-729000,LDC-729000,batchedFace,DynamicUpwind,julia,float64,gpu,true,true,1
0.1796851431,0.179214,0.0,0.0,LDC-729000,LDC-729000,batchedFace,PrecalculatedWeightsUpwind,julia,float64,gpu,true,true,1
0.1732695201,0.172708,0.0,0.0,LDC-729000,LDC-729000,batchedFace,DynamicCDF,julia,float64,gpu,true,true,1
0.179398728,0.1788955,0.0,0.0,LDC-729000,LDC-729000,batchedFace,PrecalculatedWeightsCDF,julia,float64,gpu,true,true,1
0.1699882787,0.1694905,0.0,0.0,LDC-729000,LDC-729000,batchedFace,HardCodedUpwind,julia,float64,gpu,true,true,1
0.17725448019999998,0.176819,0.0,0.0,LDC-729000,LDC-729000,batchedFace,Fused,julia,float64,gpu,true,true,1
0.442704346,0.364734,0.0,0.0,LDC-729000,LDC-729000,cellBased,HardCodedCDF,julia,float64,gpu,true,true,1
0.5811654271878647,0.5426435,0.0,0.0,LDC-729000,LDC-729000,cellBased,DynamicUpwind,julia,float64,gpu,true,true,1
0.5810065149323378,0.5473065,0.0,0.0,LDC-729000,LDC-729000,cellBased,PrecalculatedWeightsUpwind,julia,float64,gpu,true,true,1
0.5819449124386252,0.5441425,0.0,0.0,LDC-729000,LDC-729000,cellBased,DynamicCDF,julia,float64,gpu,true,true,1
0.5797247071012805,0.543364,0.0,0.0,LDC-729000,LDC-729000,cellBased,PrecalculatedWeightsCDF,julia,float64,gpu,true,true,1
0.5810083866791088,0.535426,0.0,0.0,LDC-729000,LDC-729000,cellBased,HardCodedUpwind,julia,float64,gpu,true,true,1
0.5787978453045095,0.5351825,0.0,0.0,LDC-729000,LDC-729000,cellBased,Fused,julia,float64,gpu,true,true,1
0.5176486734460931,0.483008,0.0,0.0,LDC-1331000,LDC-1331000,faceBased,HardCodedCDF,julia,float64,gpu,true,true,1
0.5992882007220216,0.593371,0.0,0.0,LDC-1331000,LDC-1331000,faceBased,DynamicUpwind,julia,float64,gpu,true,true,1
0.6229045229036296,0.625883,0.0,0.0,LDC-1331000,LDC-1331000,faceBased,PrecalculatedWeightsUpwind,julia,float64,gpu,true,true,1
0.5971934632829374,0.583819,0.0,0.0,LDC-1331000,LDC-1331000,faceBased,DynamicCDF,julia,float64,gpu,true,true,1
0.6240539912214699,0.627507,0.0,0.0,LDC-1331000,LDC-1331000,faceBased,PrecalculatedWeightsCDF,julia,float64,gpu,true,true,1
0.5967445054536737,0.584123,0.0,0.0,LDC-1331000,LDC-1331000,faceBased,HardCodedUpwind,julia,float64,gpu,true,true,1
0.5935613740612707,0.574143,0.0,0.0,LDC-1331000,LDC-1331000,faceBased,Fused,julia,float64,gpu,true,true,1
0.27019527740000004,0.2712995,0.0,0.0,LDC-1331000,LDC-1331000,batchedFace,HardCodedCDF,julia,float64,gpu,true,true,1
0.2528842624,0.2563255,0.0,0.0,LDC-1331000,LDC-1331000,batchedFace,DynamicUpwind,julia,float64,gpu,true,true,1
0.22789441940000002,0.2273175,0.0,0.0,LDC-1331000,LDC-1331000,batchedFace,PrecalculatedWeightsUpwind,julia,float64,gpu,true,true,1
0.2259974541,0.225475,0.0,0.0,LDC-1331000,LDC-1331000,batchedFace,DynamicCDF,julia,float64,gpu,true,true,1
0.22761711040000002,0.2270535,0.0,0.0,LDC-1331000,LDC-1331000,batchedFace,PrecalculatedWeightsCDF,julia,float64,gpu,true,true,1
0.22345449650000002,0.222796,0.0,0.0,LDC-1331000,LDC-1331000,batchedFace,HardCodedUpwind,julia,float64,gpu,true,true,1
0.2251481708,0.2245035,0.0,0.0,LDC-1331000,LDC-1331000,batchedFace,Fused,julia,float64,gpu,true,true,1
0.6722700368222282,0.5975405,0.0,0.0,LDC-1331000,LDC-1331000,cellBased,HardCodedCDF,julia,float64,gpu,true,true,1
0.8277021686346251,0.8757,0.0,0.0,LDC-1331000,LDC-1331000,cellBased,DynamicUpwind,julia,float64,gpu,true,true,1
0.8588241698308595,0.905078,0.0,0.0,LDC-1331000,LDC-1331000,cellBased,PrecalculatedWeightsUpwind,julia,float64,gpu,true,true,1
0.8159347114501313,0.864355,0.0,0.0,LDC-1331000,LDC-1331000,cellBased,DynamicCDF,julia,float64,gpu,true,true,1
0.8565113262179377,0.904591,0.0,0.0,LDC-1331000,LDC-1331000,cellBased,PrecalculatedWeightsCDF,julia,float64,gpu,true,true,1
0.8174488137625225,0.865599,0.0,0.0,LDC-1331000,LDC-1331000,cellBased,HardCodedUpwind,julia,float64,gpu,true,true,1
0.7808117311794228,0.7934575,0.0,0.0,LDC-1331000,LDC-1331000,cellBased,Fused,julia,float64,gpu,true,true,1
21.834316777292575,17.912433,4.223222493449782,0.0,LDC-54872000,LDC-54872000,faceBased,HardCodedCDF,julia,float64,gpu,true,true,1
20.951615627615066,17.922139,3.2455872343096237,0.0,LDC-54872000,LDC-54872000,faceBased,DynamicUpwind,julia,float64,gpu,true,true,1
21.506564442060085,18.651805,3.0860392918454935,0.0,LDC-54872000,LDC-54872000,faceBased,PrecalculatedWeightsUpwind,julia,float64,gpu,true,true,1
20.418925742857144,17.824563,2.7378864571428574,0.0,LDC-54872000,LDC-54872000,faceBased,DynamicCDF,julia,float64,gpu,true,true,1
21.15027223628692,18.658594,2.6455287257383966,0.0,LDC-54872000,LDC-54872000,faceBased,PrecalculatedWeightsCDF,julia,float64,gpu,true,true,1
20.25755325910931,17.814764,2.5830733927125507,0.0,LDC-54872000,LDC-54872000,faceBased,HardCodedUpwind,julia,float64,gpu,true,true,1
20.444992004081634,17.81942,2.7656272408163263,0.0,LDC-54872000,LDC-54872000,faceBased,Fused,julia,float64,gpu,true,true,1
7.04421050140845,5.4161765,1.57796738028169,0.0,LDC-54872000,LDC-54872000,batchedFace,HardCodedCDF,julia,float64,gpu,true,true,1
5.570320138084632,4.6776425,0.8124542572383073,0.0,LDC-54872000,LDC-54872000,batchedFace,DynamicUpwind,julia,float64,gpu,true,true,1
5.924149297393365,4.940513,0.9015478483412322,0.0,LDC-54872000,LDC-54872000,batchedFace,PrecalculatedWeightsUpwind,julia,float64,gpu,true,true,1
5.586649236871508,4.668579,0.8225272826815642,0.0,LDC-54872000,LDC-54872000,batchedFace,DynamicCDF,julia,float64,gpu,true,true,1
5.925496607819905,4.9420055,0.8895084869668246,0.0,LDC-54872000,LDC-54872000,batchedFace,PrecalculatedWeightsCDF,julia,float64,gpu,true,true,1
5.619800168539325,4.666634,0.8569514494382022,0.0,LDC-54872000,LDC-54872000,batchedFace,HardCodedUpwind,julia,float64,gpu,true,true,1
5.883086689411765,4.855242,0.9384270729411764,0.0,LDC-54872000,LDC-54872000,batchedFace,Fused,julia,float64,gpu,true,true,1
21.61946595689655,19.6533435,2.1101618060344824,0.0,LDC-54872000,LDC-54872000,cellBased,HardCodedCDF,julia,float64,gpu,true,true,1
25.525706270408165,23.3715315,2.3842474846938773,0.0,LDC-54872000,LDC-54872000,cellBased,DynamicUpwind,julia,float64,gpu,true,true,1
26.95268369892473,24.693445,2.515672446236559,0.0,LDC-54872000,LDC-54872000,cellBased,PrecalculatedWeightsUpwind,julia,float64,gpu,true,true,1
25.878836742268042,23.046489,3.0609031649484537,0.0,LDC-54872000,LDC-54872000,cellBased,DynamicCDF,julia,float64,gpu,true,true,1
27.83469403888889,24.69307,3.4053661,0.0,LDC-54872000,LDC-54872000,cellBased,PrecalculatedWeightsCDF,julia,float64,gpu,true,true,1
25.73545854871795,23.361592,2.604745107692308,0.0,LDC-54872000,LDC-54872000,cellBased,HardCodedUpwind,julia,float64,gpu,true,true,1
26.51978586772487,24.330691,2.4435573862433864,0.0,LDC-54872000,LDC-54872000,cellBased,Fused,julia,float64,gpu,true,true,1
10.342746237603304,10.354959,0.0,0.0,LDC-32768000,LDC-32768000,faceBased,HardCodedCDF,julia,float64,gpu,true,true,1
10.363248633540373,10.367502,0.0,0.0,LDC-32768000,LDC-32768000,faceBased,DynamicUpwind,julia,float64,gpu,true,true,1
10.775297368534483,10.776831,0.0,0.0,LDC-32768000,LDC-32768000,faceBased,PrecalculatedWeightsUpwind,julia,float64,gpu,true,true,1
10.306828888659794,10.315811,0.0,0.0,LDC-32768000,LDC-32768000,faceBased,DynamicCDF,julia,float64,gpu,true,true,1
10.785159590517242,10.7822495,0.0,0.0,LDC-32768000,LDC-32768000,faceBased,PrecalculatedWeightsCDF,julia,float64,gpu,true,true,1
10.309531020618556,10.307205,0.0,0.0,LDC-32768000,LDC-32768000,faceBased,HardCodedUpwind,julia,float64,gpu,true,true,1
10.291914722222222,10.2881085,0.0,0.0,LDC-32768000,LDC-32768000,faceBased,Fused,julia,float64,gpu,true,true,1
3.530337323446328,3.3813715,0.0,0.0,LDC-32768000,LDC-32768000,batchedFace,HardCodedCDF,julia,float64,gpu,true,true,1
3.1037051428571427,2.954883,0.0,0.0,LDC-32768000,LDC-32768000,batchedFace,DynamicUpwind,julia,float64,gpu,true,true,1
3.2583895189048238,3.117061,0.0,0.0,LDC-32768000,LDC-32768000,batchedFace,PrecalculatedWeightsUpwind,julia,float64,gpu,true,true,1
3.1052646519577376,2.952233,0.0,0.0,LDC-32768000,LDC-32768000,batchedFace,DynamicCDF,julia,float64,gpu,true,true,1
3.2496825910273084,3.1175655,0.0,0.0,LDC-32768000,LDC-32768000,batchedFace,PrecalculatedWeightsCDF,julia,float64,gpu,true,true,1
3.087733744746601,2.9424165,0.0,0.0,LDC-32768000,LDC-32768000,batchedFace,HardCodedUpwind,julia,float64,gpu,true,true,1
3.2142692977491962,3.066007,0.0,0.0,LDC-32768000,LDC-32768000,batchedFace,Fused,julia,float64,gpu,true,true,1
12.004774714628297,12.00445,0.0,0.0,LDC-32768000,LDC-32768000,cellBased,HardCodedCDF,julia,float64,gpu,true,true,1
14.195287320113314,14.193376,0.0,0.0,LDC-32768000,LDC-32768000,cellBased,DynamicUpwind,julia,float64,gpu,true,true,1
15.000853215568863,15.000278,0.0,0.0,LDC-32768000,LDC-32768000,cellBased,PrecalculatedWeightsUpwind,julia,float64,gpu,true,true,1
14.006854689075631,13.990862,0.0,0.0,LDC-32768000,LDC-32768000,cellBased,DynamicCDF,julia,float64,gpu,true,true,1
15.000077290419162,14.9991715,0.0,0.0,LDC-32768000,LDC-32768000,cellBased,PrecalculatedWeightsCDF,julia,float64,gpu,true,true,1
14.183824699716713,14.180989,0.0,0.0,LDC-32768000,LDC-32768000,cellBased,HardCodedUpwind,julia,float64,gpu,true,true,1
14.479590543352602,14.476816,0.0,0.0,LDC-32768000,LDC-32768000,cellBased,Fused,julia,float64,gpu,true,true,1
25.544948285714288,21.024086,4.836945173469388,0.0,LDC-64000000,LDC-64000000,faceBased,HardCodedCDF,julia,float64,gpu,true,true,1
24.27829818446602,21.020044,3.4631171165048547,0.0,LDC-64000000,LDC-64000000,faceBased,DynamicUpwind,julia,float64,gpu,true,true,1
23.989092344497607,21.814683,2.3663855167464116,0.0,LDC-64000000,LDC-64000000,faceBased,PrecalculatedWeightsUpwind,julia,float64,gpu,true,true,1
23.438410705607478,20.87693,2.7162598925233645,0.0,LDC-64000000,LDC-64000000,faceBased,DynamicCDF,julia,float64,gpu,true,true,1
24.461854868292683,21.821783,2.8354981268292683,0.0,LDC-64000000,LDC-64000000,faceBased,PrecalculatedWeightsCDF,julia,float64,gpu,true,true,1
23.94394028708134,20.876808,3.2475068421052633,0.0,LDC-64000000,LDC-64000000,faceBased,HardCodedUpwind,julia,float64,gpu,true,true,1
23.97298794736842,20.890596,3.2601794162679427,0.0,LDC-64000000,LDC-64000000,faceBased,Fused,julia,float64,gpu,true,true,1
7.337885718475073,6.26789,0.9094438548387097,0.0,LDC-64000000,LDC-64000000,batchedFace,HardCodedCDF,julia,float64,gpu,true,true,1
6.368919982165605,5.40677,0.8630258891719745,0.0,LDC-64000000,LDC-64000000,batchedFace,DynamicUpwind,julia,float64,gpu,true,true,1
6.671819126666667,5.730611,0.8394868839999999,0.0,LDC-64000000,LDC-64000000,batchedFace,PrecalculatedWeightsUpwind,julia,float64,gpu,true,true,1
6.258108195244056,5.392947,0.7892092215269086,0.0,LDC-64000000,LDC-64000000,batchedFace,DynamicCDF,julia,float64,gpu,true,true,1
6.933230790568654,5.724947,1.1122606393897365,0.0,LDC-64000000,LDC-64000000,batchedFace,PrecalculatedWeightsCDF,julia,float64,gpu,true,true,1
6.213575227329192,5.383109,0.7619721366459627,0.0,LDC-64000000,LDC-64000000,batchedFace,HardCodedUpwind,julia,float64,gpu,true,true,1
6.525327433420365,5.6211455,0.8132952140992168,0.0,LDC-64000000,LDC-64000000,batchedFace,Fused,julia,float64,gpu,true,true,1
26.276975586387433,22.961238,3.536210397905759,0.0,LDC-64000000,LDC-64000000,cellBased,HardCodedCDF,julia,float64,gpu,true,true,1
31.378558143750002,27.319632,4.378785349999999,0.0,LDC-64000000,LDC-64000000,cellBased,DynamicUpwind,julia,float64,gpu,true,true,1
32.85478652287581,28.859533,4.36807305882353,0.0,LDC-64000000,LDC-64000000,cellBased,PrecalculatedWeightsUpwind,julia,float64,gpu,true,true,1
30.70225163803681,26.974817,4.076938766871166,0.0,LDC-64000000,LDC-64000000,cellBased,DynamicCDF,julia,float64,gpu,true,true,1
32.91051406578947,28.887643,4.418363217105263,0.0,LDC-64000000,LDC-64000000,cellBased,PrecalculatedWeightsCDF,julia,float64,gpu,true,true,1
31.171995919254655,27.321881,4.186815993788819,0.0,LDC-64000000,LDC-64000000,cellBased,HardCodedUpwind,julia,float64,gpu,true,true,1
31.398892975000003,28.3456845,3.4166307875,0.0,LDC-64000000,LDC-64000000,cellBased,Fused,julia,float64,gpu,true,true,1
0.0292036955,0.029103,0.0,0.0,LDC-27000,LDC-27000,faceBased,HardCodedCDF,julia,float64,gpu,true,true,1
0.0299433476,0.029863,0.0,0.0,LDC-27000,LDC-27000,faceBased,DynamicUpwind,julia,float64,gpu,true,true,1
0.0302487985,0.030153,0.0,0.0,LDC-27000,LDC-27000,faceBased,PrecalculatedWeightsUpwind,julia,float64,gpu,true,true,1
0.0297372841,0.029653,0.0,0.0,LDC-27000,LDC-27000,faceBased,DynamicCDF,julia,float64,gpu,true,true,1
0.0302489292,0.0301455,0.0,0.0,LDC-27000,LDC-27000,faceBased,PrecalculatedWeightsCDF,julia,float64,gpu,true,true,1
0.029107631499999998,0.028967,0.0,0.0,LDC-27000,LDC-27000,faceBased,HardCodedUpwind,julia,float64,gpu,true,true,1
0.0292935315,0.029204,0.0,0.0,LDC-27000,LDC-27000,faceBased,Fused,julia,float64,gpu,true,true,1
0.1076068982,0.1056595,0.0008468968,0.0,LDC-27000,LDC-27000,batchedFace,HardCodedCDF,julia,float64,gpu,true,true,1
0.1078351092,0.106173,0.000915881,0.0,LDC-27000,LDC-27000,batchedFace,DynamicUpwind,julia,float64,gpu,true,true,1
0.1063354482,0.104778,0.0010038656999999999,0.0,LDC-27000,LDC-27000,batchedFace,PrecalculatedWeightsUpwind,julia,float64,gpu,true,true,1
0.1070171777,0.1052985,0.0009379307,0.0,LDC-27000,LDC-27000,batchedFace,DynamicCDF,julia,float64,gpu,true,true,1
0.1061176497,0.1046105,0.0009974404,0.0,LDC-27000,LDC-27000,batchedFace,PrecalculatedWeightsCDF,julia,float64,gpu,true,true,1
0.1039458447,0.1024365,0.0008658057999999999,0.0,LDC-27000,LDC-27000,batchedFace,HardCodedUpwind,julia,float64,gpu,true,true,1
0.1055313241,0.103619,0.0011390261,0.0,LDC-27000,LDC-27000,batchedFace,Fused,julia,float64,gpu,true,true,1
0.0664096468,0.066282,0.0,0.0,LDC-27000,LDC-27000,cellBased,HardCodedCDF,julia,float64,gpu,true,true,1
0.061218153899999996,0.0611,0.0,0.0,LDC-27000,LDC-27000,cellBased,DynamicUpwind,julia,float64,gpu,true,true,1
0.0623728733,0.062348,0.0,0.0,LDC-27000,LDC-27000,cellBased,PrecalculatedWeightsUpwind,julia,float64,gpu,true,true,1
0.061380112699999996,0.061241,0.0,0.0,LDC-27000,LDC-27000,cellBased,DynamicCDF,julia,float64,gpu,true,true,1
0.06230563,0.062262,0.0,0.0,LDC-27000,LDC-27000,cellBased,PrecalculatedWeightsCDF,julia,float64,gpu,true,true,1
0.061102456400000005,0.06102,0.0,0.0,LDC-27000,LDC-27000,cellBased,HardCodedUpwind,julia,float64,gpu,true,true,1
0.0507661832,0.050705,0.0,0.0,LDC-27000,LDC-27000,cellBased,Fused,julia,float64,gpu,true,true,1
6.782666655826558,6.7822485,0.0,0.0,LDC-21952000,LDC-21952000,faceBased,HardCodedCDF,julia,float64,gpu,true,true,1
6.784142012211669,6.785323,0.0,0.0,LDC-21952000,LDC-21952000,faceBased,DynamicUpwind,julia,float64,gpu,true,true,1
7.046946154929578,7.033716,0.0,0.0,LDC-21952000,LDC-21952000,faceBased,PrecalculatedWeightsUpwind,julia,float64,gpu,true,true,1
6.762889894594595,6.752259,0.0,0.0,LDC-21952000,LDC-21952000,faceBased,DynamicCDF,julia,float64,gpu,true,true,1
7.034868623066104,7.034063,0.0,0.0,LDC-21952000,LDC-21952000,faceBased,PrecalculatedWeightsCDF,julia,float64,gpu,true,true,1
6.749416655870445,6.749314,0.0,0.0,LDC-21952000,LDC-21952000,faceBased,HardCodedUpwind,julia,float64,gpu,true,true,1
6.751627843454791,6.75184,0.0,0.0,LDC-21952000,LDC-21952000,faceBased,Fused,julia,float64,gpu,true,true,1
2.472300217714003,2.354069,0.0,0.0,LDC-21952000,LDC-21952000,batchedFace,HardCodedCDF,julia,float64,gpu,true,true,1
2.1747472594688726,2.070722,0.0,0.0,LDC-21952000,LDC-21952000,batchedFace,DynamicUpwind,julia,float64,gpu,true,true,1
2.277341969448244,2.165376,0.0,0.0,LDC-21952000,LDC-21952000,batchedFace,PrecalculatedWeightsUpwind,julia,float64,gpu,true,true,1
2.1717467673913045,2.064951,0.0,0.0,LDC-21952000,LDC-21952000,batchedFace,DynamicCDF,julia,float64,gpu,true,true,1
2.282716768281536,2.1685535,0.0,0.0,LDC-21952000,LDC-21952000,batchedFace,PrecalculatedWeightsCDF,julia,float64,gpu,true,true,1
2.1488983406451614,2.049767,0.0,0.0,LDC-21952000,LDC-21952000,batchedFace,HardCodedUpwind,julia,float64,gpu,true,true,1
2.243387018859452,2.127099,0.0,0.0,LDC-21952000,LDC-21952000,batchedFace,Fused,julia,float64,gpu,true,true,1
7.694973683076923,7.6887335,0.0,0.0,LDC-21952000,LDC-21952000,cellBased,HardCodedCDF,julia,float64,gpu,true,true,1
9.151377855575868,9.164329,0.0,0.0,LDC-21952000,LDC-21952000,cellBased,DynamicUpwind,julia,float64,gpu,true,true,1
9.663815555984558,9.664312,0.0,0.0,LDC-21952000,LDC-21952000,cellBased,PrecalculatedWeightsUpwind,julia,float64,gpu,true,true,1
9.019236976576575,9.030146,0.0,0.0,LDC-21952000,LDC-21952000,cellBased,DynamicCDF,julia,float64,gpu,true,true,1
9.661472855212356,9.6641435,0.0,0.0,LDC-21952000,LDC-21952000,cellBased,PrecalculatedWeightsCDF,julia,float64,gpu,true,true,1
9.1472327952468,9.151708,0.0,0.0,LDC-21952000,LDC-21952000,cellBased,HardCodedUpwind,julia,float64,gpu,true,true,1
9.462588081285444,9.462502,0.0,0.0,LDC-21952000,LDC-21952000,cellBased,Fused,julia,float64,gpu,true,true,1
0.0401484904,0.0400555,0.0,0.0,LDC-64000,LDC-64000,faceBased,HardCodedCDF,julia,float64,gpu,true,true,1
0.040927174700000006,0.040831,0.0,0.0,LDC-64000,LDC-64000,faceBased,DynamicUpwind,julia,float64,gpu,true,true,1
0.0414591521,0.041376,0.0,0.0,LDC-64000,LDC-64000,faceBased,PrecalculatedWeightsUpwind,julia,float64,gpu,true,true,1
0.040682060799999996,0.0405785,0.0,0.0,LDC-64000,LDC-64000,faceBased,DynamicCDF,julia,float64,gpu,true,true,1
0.0415019802,0.041166,0.0,0.0,LDC-64000,LDC-64000,faceBased,PrecalculatedWeightsCDF,julia,float64,gpu,true,true,1
0.0399186146,0.039839,0.0,0.0,LDC-64000,LDC-64000,faceBased,HardCodedUpwind,julia,float64,gpu,true,true,1
0.0402691311,0.040185,0.0,0.0,LDC-64000,LDC-64000,faceBased,Fused,julia,float64,gpu,true,true,1
0.1104928398,0.10887,0.0,0.0,LDC-64000,LDC-64000,batchedFace,HardCodedCDF,julia,float64,gpu,true,true,1
0.1124011475,0.11122,0.0,0.0,LDC-64000,LDC-64000,batchedFace,DynamicUpwind,julia,float64,gpu,true,true,1
0.1082834335,0.1077885,0.0,0.0,LDC-64000,LDC-64000,batchedFace,PrecalculatedWeightsUpwind,julia,float64,gpu,true,true,1
0.11018141379999999,0.109712,0.0,0.0,LDC-64000,LDC-64000,batchedFace,DynamicCDF,julia,float64,gpu,true,true,1
0.10831449679999999,0.107588,0.0,0.0,LDC-64000,LDC-64000,batchedFace,PrecalculatedWeightsCDF,julia,float64,gpu,true,true,1
0.10757880539999999,0.107057,0.0,0.0,LDC-64000,LDC-64000,batchedFace,HardCodedUpwind,julia,float64,gpu,true,true,1
0.10819410289999999,0.1077345,0.0,0.0,LDC-64000,LDC-64000,batchedFace,Fused,julia,float64,gpu,true,true,1
0.0666322835,0.066559,0.0,0.0,LDC-64000,LDC-64000,cellBased,HardCodedCDF,julia,float64,gpu,true,true,1
0.061677141600000006,0.061418,0.0,0.0,LDC-64000,LDC-64000,cellBased,DynamicUpwind,julia,float64,gpu,true,true,1
0.0622715031,0.062165,0.0,0.0,LDC-64000,LDC-64000,cellBased,PrecalculatedWeightsUpwind,julia,float64,gpu,true,true,1
0.0607705412,0.060661,0.0,0.0,LDC-64000,LDC-64000,cellBased,DynamicCDF,julia,float64,gpu,true,true,1
0.062130778899999996,0.062004,0.0,0.0,LDC-64000,LDC-64000,cellBased,PrecalculatedWeightsCDF,julia,float64,gpu,true,true,1
0.060581902800000004,0.060505,0.0,0.0,LDC-64000,LDC-64000,cellBased,HardCodedUpwind,julia,float64,gpu,true,true,1
0.0551550826,0.054989,0.0,0.0,LDC-64000,LDC-64000,cellBased,Fused,julia,float64,gpu,true,true,1
2.5282169666329626,2.5242585,0.0,0.0,LDC-8000000,LDC-8000000,faceBased,HardCodedCDF,julia,float64,gpu,true,true,1
2.547559237512742,2.526574,0.0,0.0,LDC-8000000,LDC-8000000,faceBased,DynamicUpwind,julia,float64,gpu,true,true,1
2.615305642782427,2.6112285,0.0,0.0,LDC-8000000,LDC-8000000,faceBased,PrecalculatedWeightsUpwind,julia,float64,gpu,true,true,1
2.5240939278142354,2.513587,0.0,0.0,LDC-8000000,LDC-8000000,faceBased,DynamicCDF,julia,float64,gpu,true,true,1
2.6156840554683414,2.611585,0.0,0.0,LDC-8000000,LDC-8000000,faceBased,PrecalculatedWeightsCDF,julia,float64,gpu,true,true,1
2.517489883182276,2.5083055,0.0,0.0,LDC-8000000,LDC-8000000,faceBased,HardCodedUpwind,julia,float64,gpu,true,true,1
2.5215903171961673,2.510234,0.0,0.0,LDC-8000000,LDC-8000000,faceBased,Fused,julia,float64,gpu,true,true,1
1.016123026053328,0.943223,0.0,0.0,LDC-8000000,LDC-8000000,batchedFace,HardCodedCDF,julia,float64,gpu,true,true,1
0.9947675800917615,1.050285,0.0,0.0,LDC-8000000,LDC-8000000,batchedFace,DynamicUpwind,julia,float64,gpu,true,true,1
1.03060495411327,1.0867025,0.0,0.0,LDC-8000000,LDC-8000000,batchedFace,PrecalculatedWeightsUpwind,julia,float64,gpu,true,true,1
0.9980402786786787,1.046396,0.0,0.0,LDC-8000000,LDC-8000000,batchedFace,DynamicCDF,julia,float64,gpu,true,true,1
1.0286733484629667,1.08481,0.0,0.0,LDC-8000000,LDC-8000000,batchedFace,PrecalculatedWeightsCDF,julia,float64,gpu,true,true,1
0.9896542669180393,1.035659,0.0,0.0,LDC-8000000,LDC-8000000,batchedFace,HardCodedUpwind,julia,float64,gpu,true,true,1
1.012185337933834,1.067511,0.0,0.0,LDC-8000000,LDC-8000000,batchedFace,Fused,julia,float64,gpu,true,true,1
2.9136622902097904,2.9130565,0.0,0.0,LDC-8000000,LDC-8000000,cellBased,HardCodedCDF,julia,float64,gpu,true,true,1
3.4153644337431697,3.412283,0.0,0.0,LDC-8000000,LDC-8000000,cellBased,DynamicUpwind,julia,float64,gpu,true,true,1
3.5679974450784595,3.5674245,0.0,0.0,LDC-8000000,LDC-8000000,cellBased,PrecalculatedWeightsUpwind,julia,float64,gpu,true,true,1
3.363715219233356,3.362841,0.0,0.0,LDC-8000000,LDC-8000000,cellBased,DynamicCDF,julia,float64,gpu,true,true,1
3.5692709393290505,3.567003,0.0,0.0,LDC-8000000,LDC-8000000,cellBased,PrecalculatedWeightsCDF,julia,float64,gpu,true,true,1
3.407894823449216,3.40752,0.0,0.0,LDC-8000000,LDC-8000000,cellBased,HardCodedUpwind,julia,float64,gpu,true,true,1
3.412934433447099,3.412299,0.0,0.0,LDC-8000000,LDC-8000000,cellBased,Fused,julia,float64,gpu,true,true,1
8.339348238333333,8.340023,0.0,0.0,LDC-27000000,LDC-27000000,faceBased,HardCodedCDF,julia,float64,gpu,true,true,1
8.346455756260434,8.34554,0.0,0.0,LDC-27000000,LDC-27000000,faceBased,DynamicUpwind,julia,float64,gpu,true,true,1
8.702993431304348,8.675322,0.0,0.0,LDC-27000000,LDC-27000000,faceBased,PrecalculatedWeightsUpwind,julia,float64,gpu,true,true,1
8.310535779069767,8.3030845,0.0,0.0,LDC-27000000,LDC-27000000,faceBased,DynamicCDF,julia,float64,gpu,true,true,1
8.707050593043478,8.680496,0.0,0.0,LDC-27000000,LDC-27000000,faceBased,PrecalculatedWeightsCDF,julia,float64,gpu,true,true,1
8.299706845771144,8.29983,0.0,0.0,LDC-27000000,LDC-27000000,faceBased,HardCodedUpwind,julia,float64,gpu,true,true,1
8.303061641791045,8.3038,0.0,0.0,LDC-27000000,LDC-27000000,faceBased,Fused,julia,float64,gpu,true,true,1
3.0017035735735735,2.857301,0.0,0.0,LDC-27000000,LDC-27000000,batchedFace,HardCodedCDF,julia,float64,gpu,true,true,1
2.6290686663157894,2.4924835,0.0,0.0,LDC-27000000,LDC-27000000,batchedFace,DynamicUpwind,julia,float64,gpu,true,true,1
2.75241221707989,2.624775,0.0,0.0,LDC-27000000,LDC-27000000,batchedFace,PrecalculatedWeightsUpwind,julia,float64,gpu,true,true,1
2.6206284108079747,2.486682,0.0,0.0,LDC-27000000,LDC-27000000,batchedFace,DynamicCDF,julia,float64,gpu,true,true,1
2.7408031053208997,2.620208,0.0,0.0,LDC-27000000,LDC-27000000,batchedFace,PrecalculatedWeightsCDF,julia,float64,gpu,true,true,1
2.59211412610275,2.469268,0.0,0.0,LDC-27000000,LDC-27000000,batchedFace,HardCodedUpwind,julia,float64,gpu,true,true,1
2.7071705149051493,2.577214,0.0,0.0,LDC-27000000,LDC-27000000,batchedFace,Fused,julia,float64,gpu,true,true,1
9.519846769961978,9.513225,0.0,0.0,LDC-27000000,LDC-27000000,cellBased,HardCodedCDF,julia,float64,gpu,true,true,1
11.342148866213153,11.354757,0.0,0.0,LDC-27000000,LDC-27000000,cellBased,DynamicUpwind,julia,float64,gpu,true,true,1
11.968867126794258,11.9785265,0.0,0.0,LDC-27000000,LDC-27000000,cellBased,PrecalculatedWeightsUpwind,julia,float64,gpu,true,true,1
11.188520346756153,11.193577,0.0,0.0,LDC-27000000,LDC-27000000,cellBased,DynamicCDF,julia,float64,gpu,true,true,1
11.984001959330143,11.980791,0.0,0.0,LDC-27000000,LDC-27000000,cellBased,PrecalculatedWeightsCDF,julia,float64,gpu,true,true,1
11.331668972850679,11.3434275,0.0,0.0,LDC-27000000,LDC-27000000,cellBased,HardCodedUpwind,julia,float64,gpu,true,true,1
11.788746936320756,11.7918135,0.0,0.0,LDC-27000000,LDC-27000000,cellBased,Fused,julia,float64,gpu,true,true,1
0.0275258832,0.027265,0.0,0.0,LDC-8000,LDC-8000,faceBased,HardCodedCDF,julia,float64,gpu,true,true,1
0.0281873575,0.028087,0.0,0.0,LDC-8000,LDC-8000,faceBased,DynamicUpwind,julia,float64,gpu,true,true,1
0.0281229701,0.028022,0.0,0.0,LDC-8000,LDC-8000,faceBased,PrecalculatedWeightsUpwind,julia,float64,gpu,true,true,1
0.0279483598,0.027855,0.0,0.0,LDC-8000,LDC-8000,faceBased,DynamicCDF,julia,float64,gpu,true,true,1
0.0280672664,0.027953,0.0,0.0,LDC-8000,LDC-8000,faceBased,PrecalculatedWeightsCDF,julia,float64,gpu,true,true,1
0.0273857542,0.027299,0.0,0.0,LDC-8000,LDC-8000,faceBased,HardCodedUpwind,julia,float64,gpu,true,true,1
0.0276313251,0.027489,0.0,0.0,LDC-8000,LDC-8000,faceBased,Fused,julia,float64,gpu,true,true,1
0.10469082760000001,0.102828,0.0007804203,0.0,LDC-8000,LDC-8000,batchedFace,HardCodedCDF,julia,float64,gpu,true,true,1
0.1066474491,0.104687,0.0008809284,0.0,LDC-8000,LDC-8000,batchedFace,DynamicUpwind,julia,float64,gpu,true,true,1
0.1046514433,0.102553,0.0010523019,0.0,LDC-8000,LDC-8000,batchedFace,PrecalculatedWeightsUpwind,julia,float64,gpu,true,true,1
0.106258777,0.104264,0.0010836928,0.0,LDC-8000,LDC-8000,batchedFace,DynamicCDF,julia,float64,gpu,true,true,1
0.1041437821,0.1024135,0.0010347315,0.0,LDC-8000,LDC-8000,batchedFace,PrecalculatedWeightsCDF,julia,float64,gpu,true,true,1
0.10324815829999999,0.1013895,0.0010210682,0.0,LDC-8000,LDC-8000,batchedFace,HardCodedUpwind,julia,float64,gpu,true,true,1
0.1034175076,0.10155,0.0011166429,0.0,LDC-8000,LDC-8000,batchedFace,Fused,julia,float64,gpu,true,true,1
0.0629931809,0.062878,0.0,0.0,LDC-8000,LDC-8000,cellBased,HardCodedCDF,julia,float64,gpu,true,true,1
0.060023203000000004,0.059921,0.0,0.0,LDC-8000,LDC-8000,cellBased,DynamicUpwind,julia,float64,gpu,true,true,1
0.0601352466,0.060023,0.0,0.0,LDC-8000,LDC-8000,cellBased,PrecalculatedWeightsUpwind,julia,float64,gpu,true,true,1
0.0592866613,0.059174,0.0,0.0,LDC-8000,LDC-8000,cellBased,DynamicCDF,julia,float64,gpu,true,true,1
0.0601136834,0.059991,0.0,0.0,LDC-8000,LDC-8000,cellBased,PrecalculatedWeightsCDF,julia,float64,gpu,true,true,1
0.062064460200000005,0.061944,0.0,0.0,LDC-8000,LDC-8000,cellBased,HardCodedUpwind,julia,float64,gpu,true,true,1
0.0539334856,0.053851,0.0,0.0,LDC-8000,LDC-8000,cellBased,Fused,julia,float64,gpu,true,true,1
1.898260662993921,1.859334,0.0,0.0,LDC-5832000,LDC-5832000,faceBased,HardCodedCDF,julia,float64,gpu,true,true,1
2.118260678419711,2.113806,0.0,0.0,LDC-5832000,LDC-5832000,faceBased,DynamicUpwind,julia,float64,gpu,true,true,1
2.1794988776223776,2.165202,0.0,0.0,LDC-5832000,LDC-5832000,faceBased,PrecalculatedWeightsUpwind,julia,float64,gpu,true,true,1
2.110453950889077,2.103874,0.0,0.0,LDC-5832000,LDC-5832000,faceBased,DynamicCDF,julia,float64,gpu,true,true,1
2.1725376466230935,2.165054,0.0,0.0,LDC-5832000,LDC-5832000,faceBased,PrecalculatedWeightsCDF,julia,float64,gpu,true,true,1
2.096080829340059,2.093259,0.0,0.0,LDC-5832000,LDC-5832000,faceBased,HardCodedUpwind,julia,float64,gpu,true,true,1
2.0018437496991575,2.092658,0.0,0.0,LDC-5832000,LDC-5832000,faceBased,Fused,julia,float64,gpu,true,true,1
0.7910079321819046,0.724772,0.0,0.0,LDC-5832000,LDC-5832000,batchedFace,HardCodedCDF,julia,float64,gpu,true,true,1
0.7808270648293141,0.854086,0.0,0.0,LDC-5832000,LDC-5832000,batchedFace,DynamicUpwind,julia,float64,gpu,true,true,1
0.709833800966733,0.6628045,0.0,0.0,LDC-5832000,LDC-5832000,batchedFace,PrecalculatedWeightsUpwind,julia,float64,gpu,true,true,1
0.7617017043372022,0.7942575,0.0,0.0,LDC-5832000,LDC-5832000,batchedFace,DynamicCDF,julia,float64,gpu,true,true,1
0.7420409738289963,0.682894,0.0,0.0,LDC-5832000,LDC-5832000,batchedFace,PrecalculatedWeightsCDF,julia,float64,gpu,true,true,1
0.7236608886310906,0.6579685,0.0,0.0,LDC-5832000,LDC-5832000,batchedFace,HardCodedUpwind,julia,float64,gpu,true,true,1
0.7587583185342861,0.685104,0.0,0.0,LDC-5832000,LDC-5832000,batchedFace,Fused,julia,float64,gpu,true,true,1
2.185971590730214,2.16508,0.0,0.0,LDC-5832000,LDC-5832000,cellBased,HardCodedCDF,julia,float64,gpu,true,true,1
2.7796840752089134,2.778648,0.0,0.0,LDC-5832000,LDC-5832000,cellBased,DynamicUpwind,julia,float64,gpu,true,true,1
2.8891419918934567,2.881737,0.0,0.0,LDC-5832000,LDC-5832000,cellBased,PrecalculatedWeightsUpwind,julia,float64,gpu,true,true,1
2.7382502892425906,2.73796,0.0,0.0,LDC-5832000,LDC-5832000,cellBased,DynamicCDF,julia,float64,gpu,true,true,1
2.88896990387956,2.881653,0.0,0.0,LDC-5832000,LDC-5832000,cellBased,PrecalculatedWeightsCDF,julia,float64,gpu,true,true,1
2.772441475,2.7686175,0.0,0.0,LDC-5832000,LDC-5832000,cellBased,HardCodedUpwind,julia,float64,gpu,true,true,1
2.7642783739612184,2.75902,0.0,0.0,LDC-5832000,LDC-5832000,cellBased,Fused,julia,float64,gpu,true,true,1
5.445078652883569,5.444446,0.0,0.0,LDC-17576000,LDC-17576000,faceBased,HardCodedCDF,julia,float64,gpu,true,true,1
5.446880279956427,5.448536,0.0,0.0,LDC-17576000,LDC-17576000,faceBased,DynamicUpwind,julia,float64,gpu,true,true,1
5.641694718151071,5.642986,0.0,0.0,LDC-17576000,LDC-17576000,faceBased,PrecalculatedWeightsUpwind,julia,float64,gpu,true,true,1
5.4189666641386784,5.419386,0.0,0.0,LDC-17576000,LDC-17576000,faceBased,DynamicCDF,julia,float64,gpu,true,true,1
5.642275790304398,5.642525,0.0,0.0,LDC-17576000,LDC-17576000,faceBased,PrecalculatedWeightsCDF,julia,float64,gpu,true,true,1
5.416619671722644,5.415387,0.0,0.0,LDC-17576000,LDC-17576000,faceBased,HardCodedUpwind,julia,float64,gpu,true,true,1
5.429921309446254,5.419284,0.0,0.0,LDC-17576000,LDC-17576000,faceBased,Fused,julia,float64,gpu,true,true,1
1.9945994384984025,1.8962235,0.0,0.0,LDC-17576000,LDC-17576000,batchedFace,HardCodedCDF,julia,float64,gpu,true,true,1
1.7879537142857143,1.682905,0.0,0.0,LDC-17576000,LDC-17576000,batchedFace,DynamicUpwind,julia,float64,gpu,true,true,1
1.8720640108736408,1.765995,0.0,0.0,LDC-17576000,LDC-17576000,batchedFace,PrecalculatedWeightsUpwind,julia,float64,gpu,true,true,1
1.7555469525483305,1.671854,0.0,0.0,LDC-17576000,LDC-17576000,batchedFace,DynamicCDF,julia,float64,gpu,true,true,1
1.8704894297489696,1.764962,0.0,0.0,LDC-17576000,LDC-17576000,batchedFace,PrecalculatedWeightsCDF,julia,float64,gpu,true,true,1
1.7699306162296244,1.669842,0.0,0.0,LDC-17576000,LDC-17576000,batchedFace,HardCodedUpwind,julia,float64,gpu,true,true,1
1.7337440381547,1.712914,0.0,0.0,LDC-17576000,LDC-17576000,batchedFace,Fused,julia,float64,gpu,true,true,1
6.1726651,6.1730025,0.0,0.0,LDC-17576000,LDC-17576000,cellBased,HardCodedCDF,julia,float64,gpu,true,true,1
7.281284317321689,7.274998,0.0,0.0,LDC-17576000,LDC-17576000,cellBased,DynamicUpwind,julia,float64,gpu,true,true,1
7.632646230182927,7.631896,0.0,0.0,LDC-17576000,LDC-17576000,cellBased,PrecalculatedWeightsUpwind,julia,float64,gpu,true,true,1
7.169178239255014,7.168568,0.0,0.0,LDC-17576000,LDC-17576000,cellBased,DynamicCDF,julia,float64,gpu,true,true,1
7.645489211009175,7.636469,0.0,0.0,LDC-17576000,LDC-17576000,cellBased,PrecalculatedWeightsCDF,julia,float64,gpu,true,true,1
7.269329684593023,7.2705955,0.0,0.0,LDC-17576000,LDC-17576000,cellBased,HardCodedUpwind,julia,float64,gpu,true,true,1
7.458915278688525,7.459849,0.0,0.0,LDC-17576000,LDC-17576000,cellBased,Fused,julia,float64,gpu,true,true,1
4.307957070628769,4.305228,0.0,0.0,LDC-13824000,LDC-13824000,faceBased,HardCodedCDF,julia,float64,gpu,true,true,1
4.304168789156627,4.300069,0.0,0.0,LDC-13824000,LDC-13824000,faceBased,DynamicUpwind,julia,float64,gpu,true,true,1
4.45316477203918,4.44914,0.0,0.0,LDC-13824000,LDC-13824000,faceBased,PrecalculatedWeightsUpwind,julia,float64,gpu,true,true,1
4.28563549957155,4.276296,0.0,0.0,LDC-13824000,LDC-13824000,faceBased,DynamicCDF,julia,float64,gpu,true,true,1
4.460844964317573,4.448386,0.0,0.0,LDC-13824000,LDC-13824000,faceBased,PrecalculatedWeightsCDF,julia,float64,gpu,true,true,1
4.288993056603774,4.2725725,0.0,0.0,LDC-13824000,LDC-13824000,faceBased,HardCodedUpwind,julia,float64,gpu,true,true,1
4.278751697177075,4.275613,0.0,0.0,LDC-13824000,LDC-13824000,faceBased,Fused,julia,float64,gpu,true,true,1
1.6252230123657663,1.527983,0.0,0.0,LDC-13824000,LDC-13824000,batchedFace,HardCodedCDF,julia,float64,gpu,true,true,1
1.454287420332071,1.358341,0.0,0.0,LDC-13824000,LDC-13824000,batchedFace,DynamicUpwind,julia,float64,gpu,true,true,1
1.526111442237164,1.425313,0.0,0.0,LDC-13824000,LDC-13824000,batchedFace,PrecalculatedWeightsUpwind,julia,float64,gpu,true,true,1
1.4551746858058874,1.359858,0.0,0.0,LDC-13824000,LDC-13824000,batchedFace,DynamicCDF,julia,float64,gpu,true,true,1
1.518374888381995,1.421836,0.0,0.0,LDC-13824000,LDC-13824000,batchedFace,PrecalculatedWeightsCDF,julia,float64,gpu,true,true,1
1.445747396641575,1.3530685,0.0,0.0,LDC-13824000,LDC-13824000,batchedFace,HardCodedUpwind,julia,float64,gpu,true,true,1
1.3858617934571664,1.380341,0.0,0.0,LDC-13824000,LDC-13824000,batchedFace,Fused,julia,float64,gpu,true,true,1
4.952847007920792,4.944981,0.0,0.0,LDC-13824000,LDC-13824000,cellBased,HardCodedCDF,julia,float64,gpu,true,true,1
5.811315166085946,5.812917,0.0,0.0,LDC-13824000,LDC-13824000,cellBased,DynamicUpwind,julia,float64,gpu,true,true,1
6.092890834348355,6.085035,0.0,0.0,LDC-13824000,LDC-13824000,cellBased,PrecalculatedWeightsUpwind,julia,float64,gpu,true,true,1
5.7273250847651775,5.728198,0.0,0.0,LDC-13824000,LDC-13824000,cellBased,DynamicCDF,julia,float64,gpu,true,true,1
6.088448925790754,6.087042,0.0,0.0,LDC-13824000,LDC-13824000,cellBased,PrecalculatedWeightsCDF,julia,float64,gpu,true,true,1
5.815213910465117,5.808788,0.0,0.0,LDC-13824000,LDC-13824000,cellBased,HardCodedUpwind,julia,float64,gpu,true,true,1
5.908254761511216,5.880206,0.0,0.0,LDC-13824000,LDC-13824000,cellBased,Fused,julia,float64,gpu,true,true,1
0.0605275168,0.06037,0.0,0.0,LDC-125000,LDC-125000,faceBased,HardCodedCDF,julia,float64,gpu,true,true,1
0.0617217891,0.0613215,0.0,0.0,LDC-125000,LDC-125000,faceBased,DynamicUpwind,julia,float64,gpu,true,true,1
0.0624762338,0.06229,0.0,0.0,LDC-125000,LDC-125000,faceBased,PrecalculatedWeightsUpwind,julia,float64,gpu,true,true,1
0.0610740767,0.060883,0.0,0.0,LDC-125000,LDC-125000,faceBased,DynamicCDF,julia,float64,gpu,true,true,1
0.0630696779,0.062939,0.0,0.0,LDC-125000,LDC-125000,faceBased,PrecalculatedWeightsCDF,julia,float64,gpu,true,true,1
0.0603069157,0.060167,0.0,0.0,LDC-125000,LDC-125000,faceBased,HardCodedUpwind,julia,float64,gpu,true,true,1
0.060613160199999995,0.06048,0.0,0.0,LDC-125000,LDC-125000,faceBased,Fused,julia,float64,gpu,true,true,1
0.1127620071,0.111647,0.0,0.0,LDC-125000,LDC-125000,batchedFace,HardCodedCDF,julia,float64,gpu,true,true,1
0.11501430929999999,0.114162,0.0,0.0,LDC-125000,LDC-125000,batchedFace,DynamicUpwind,julia,float64,gpu,true,true,1
0.1115261032,0.1104965,0.0,0.0,LDC-125000,LDC-125000,batchedFace,PrecalculatedWeightsUpwind,julia,float64,gpu,true,true,1
0.1135649195,0.113003,0.0,0.0,LDC-125000,LDC-125000,batchedFace,DynamicCDF,julia,float64,gpu,true,true,1
0.1115334274,0.110976,0.0,0.0,LDC-125000,LDC-125000,batchedFace,PrecalculatedWeightsCDF,julia,float64,gpu,true,true,1
0.1101365205,0.1097765,0.0,0.0,LDC-125000,LDC-125000,batchedFace,HardCodedUpwind,julia,float64,gpu,true,true,1
0.1116663239,0.111211,0.0,0.0,LDC-125000,LDC-125000,batchedFace,Fused,julia,float64,gpu,true,true,1
0.1096978498,0.108842,0.0,0.0,LDC-125000,LDC-125000,cellBased,HardCodedCDF,julia,float64,gpu,true,true,1
0.1056609948,0.105418,0.0,0.0,LDC-125000,LDC-125000,cellBased,DynamicUpwind,julia,float64,gpu,true,true,1
0.11423653119999999,0.1111965,0.0,0.0,LDC-125000,LDC-125000,cellBased,PrecalculatedWeightsUpwind,julia,float64,gpu,true,true,1
0.10434303810000001,0.104091,0.0,0.0,LDC-125000,LDC-125000,cellBased,DynamicCDF,julia,float64,gpu,true,true,1
0.11470963649999999,0.112254,0.0,0.0,LDC-125000,LDC-125000,cellBased,PrecalculatedWeightsCDF,julia,float64,gpu,true,true,1
0.1068682775,0.1067835,0.0,0.0,LDC-125000,LDC-125000,cellBased,HardCodedUpwind,julia,float64,gpu,true,true,1
0.0996392671,0.099613,0.0,0.0,LDC-125000,LDC-125000,cellBased,Fused,julia,float64,gpu,true,true,1
3.3327291253333335,3.331941,0.0,0.0,LDC-10648000,LDC-10648000,faceBased,HardCodedCDF,julia,float64,gpu,true,true,1
3.3367747598398934,3.33279,0.0,0.0,LDC-10648000,LDC-10648000,faceBased,DynamicUpwind,julia,float64,gpu,true,true,1
3.452385595994475,3.44747,0.0,0.0,LDC-10648000,LDC-10648000,faceBased,PrecalculatedWeightsUpwind,julia,float64,gpu,true,true,1
3.3217721176079733,3.318257,0.0,0.0,LDC-10648000,LDC-10648000,faceBased,DynamicCDF,julia,float64,gpu,true,true,1
3.4530474226519337,3.4479315,0.0,0.0,LDC-10648000,LDC-10648000,faceBased,PrecalculatedWeightsCDF,julia,float64,gpu,true,true,1
3.316930030503979,3.3150395,0.0,0.0,LDC-10648000,LDC-10648000,faceBased,HardCodedUpwind,julia,float64,gpu,true,true,1
3.3200677556440903,3.3169735,0.0,0.0,LDC-10648000,LDC-10648000,faceBased,Fused,julia,float64,gpu,true,true,1
1.2366539801931171,1.171724,0.0,0.0,LDC-10648000,LDC-10648000,batchedFace,HardCodedCDF,julia,float64,gpu,true,true,1
1.0583225298602288,1.060551,0.0,0.0,LDC-10648000,LDC-10648000,batchedFace,DynamicUpwind,julia,float64,gpu,true,true,1
1.2146171965936738,1.1270005,0.0,0.0,LDC-10648000,LDC-10648000,batchedFace,PrecalculatedWeightsUpwind,julia,float64,gpu,true,true,1
1.1539603601479425,1.0725835,0.0,0.0,LDC-10648000,LDC-10648000,batchedFace,DynamicCDF,julia,float64,gpu,true,true,1
1.213408591395236,1.126676,0.0,0.0,LDC-10648000,LDC-10648000,batchedFace,PrecalculatedWeightsCDF,julia,float64,gpu,true,true,1
1.1441752495989,1.066904,0.0,0.0,LDC-10648000,LDC-10648000,batchedFace,HardCodedUpwind,julia,float64,gpu,true,true,1
1.1945790136396268,1.106045,0.0,0.0,LDC-10648000,LDC-10648000,batchedFace,Fused,julia,float64,gpu,true,true,1
3.8152213882532418,3.806666,0.0,0.0,LDC-10648000,LDC-10648000,cellBased,HardCodedCDF,julia,float64,gpu,true,true,1
4.478177760966876,4.477484,0.0,0.0,LDC-10648000,LDC-10648000,cellBased,DynamicUpwind,julia,float64,gpu,true,true,1
4.6897436641651025,4.6899445,0.0,0.0,LDC-10648000,LDC-10648000,cellBased,PrecalculatedWeightsUpwind,julia,float64,gpu,true,true,1
4.41115017989418,4.4089565,0.0,0.0,LDC-10648000,LDC-10648000,cellBased,DynamicCDF,julia,float64,gpu,true,true,1
4.690967692307692,4.689902,0.0,0.0,LDC-10648000,LDC-10648000,cellBased,PrecalculatedWeightsCDF,julia,float64,gpu,true,true,1
4.473936027728086,4.473098,0.0,0.0,LDC-10648000,LDC-10648000,cellBased,HardCodedUpwind,julia,float64,gpu,true,true,1
4.527137392760181,4.520749,0.0,0.0,LDC-10648000,LDC-10648000,cellBased,Fused,julia,float64,gpu,true,true,1
2.192351007894737,2.173685,0.0,0.0,LDC-6859000,LDC-6859000,faceBased,HardCodedCDF,julia,float64,gpu,true,true,1
2.2088426641626158,2.176376,0.0,0.0,LDC-6859000,LDC-6859000,faceBased,DynamicUpwind,julia,float64,gpu,true,true,1
2.276907566742597,2.248459,0.0,0.0,LDC-6859000,LDC-6859000,faceBased,PrecalculatedWeightsUpwind,julia,float64,gpu,true,true,1
2.2017371920704845,2.1673965,0.0,0.0,LDC-6859000,LDC-6859000,faceBased,DynamicCDF,julia,float64,gpu,true,true,1
2.4920482137862137,2.500915,0.0,0.0,LDC-6859000,LDC-6859000,faceBased,PrecalculatedWeightsCDF,julia,float64,gpu,true,true,1
2.4124345812379113,2.4110505,0.0,0.0,LDC-6859000,LDC-6859000,faceBased,HardCodedUpwind,julia,float64,gpu,true,true,1
2.414834862536302,2.4112205,0.0,0.0,LDC-6859000,LDC-6859000,faceBased,Fused,julia,float64,gpu,true,true,1
0.8967922852523801,0.823707,0.0,0.0,LDC-6859000,LDC-6859000,batchedFace,HardCodedCDF,julia,float64,gpu,true,true,1
0.7247445235678027,0.722469,0.0,0.0,LDC-6859000,LDC-6859000,batchedFace,DynamicUpwind,julia,float64,gpu,true,true,1
0.8139694219106619,0.762983,0.0,0.0,LDC-6859000,LDC-6859000,batchedFace,PrecalculatedWeightsUpwind,julia,float64,gpu,true,true,1
0.8186491310910583,0.744882,0.0,0.0,LDC-6859000,LDC-6859000,batchedFace,DynamicCDF,julia,float64,gpu,true,true,1
0.9358372452121667,0.983005,0.0,0.0,LDC-6859000,LDC-6859000,batchedFace,PrecalculatedWeightsCDF,julia,float64,gpu,true,true,1
0.8678920628153819,0.936034,0.0,0.0,LDC-6859000,LDC-6859000,batchedFace,HardCodedUpwind,julia,float64,gpu,true,true,1
0.9256319387414145,0.964026,0.0,0.0,LDC-6859000,LDC-6859000,batchedFace,Fused,julia,float64,gpu,true,true,1
2.5504388448979594,2.5454705,0.0,0.0,LDC-6859000,LDC-6859000,cellBased,HardCodedCDF,julia,float64,gpu,true,true,1
2.972171510701546,2.971785,0.0,0.0,LDC-6859000,LDC-6859000,cellBased,DynamicUpwind,julia,float64,gpu,true,true,1
3.1078254922311994,3.107868,0.0,0.0,LDC-6859000,LDC-6859000,cellBased,PrecalculatedWeightsUpwind,julia,float64,gpu,true,true,1
2.9351044407276996,2.934785,0.0,0.0,LDC-6859000,LDC-6859000,cellBased,DynamicCDF,julia,float64,gpu,true,true,1
3.1024957884615385,3.1052395,0.0,0.0,LDC-6859000,LDC-6859000,cellBased,PrecalculatedWeightsCDF,julia,float64,gpu,true,true,1
2.9662896162514825,2.9662115,0.0,0.0,LDC-6859000,LDC-6859000,cellBased,HardCodedUpwind,julia,float64,gpu,true,true,1
2.9758709375,2.9759725,0.0,0.0,LDC-6859000,LDC-6859000,cellBased,Fused,julia,float64,gpu,true,true,1
15.145975224242424,15.1468985,0.0,0.0,LDC-46656000,LDC-46656000,faceBased,HardCodedCDF,julia,float64,gpu,true,true,1
15.159846090909092,15.162923,0.0,0.0,LDC-46656000,LDC-46656000,faceBased,DynamicUpwind,julia,float64,gpu,true,true,1
15.736048984276728,15.735211,0.0,0.0,LDC-46656000,LDC-46656000,faceBased,PrecalculatedWeightsUpwind,julia,float64,gpu,true,true,1
15.030654399399399,15.026115,0.0,0.0,LDC-46656000,LDC-46656000,faceBased,DynamicCDF,julia,float64,gpu,true,true,1
15.752097547169813,15.744647,0.0,0.0,LDC-46656000,LDC-46656000,faceBased,PrecalculatedWeightsCDF,julia,float64,gpu,true,true,1
15.029615675675675,15.028643,0.0,0.0,LDC-46656000,LDC-46656000,faceBased,HardCodedUpwind,julia,float64,gpu,true,true,1
14.996442065868264,14.9923515,0.0,0.0,LDC-46656000,LDC-46656000,faceBased,Fused,julia,float64,gpu,true,true,1
4.794127621284756,4.669146,0.0,0.0,LDC-46656000,LDC-46656000,batchedFace,HardCodedCDF,julia,float64,gpu,true,true,1
4.161810409658618,4.035959,0.0,0.0,LDC-46656000,LDC-46656000,batchedFace,DynamicUpwind,julia,float64,gpu,true,true,1
4.426294148804251,4.26992,0.0,0.0,LDC-46656000,LDC-46656000,batchedFace,PrecalculatedWeightsUpwind,julia,float64,gpu,true,true,1
4.162761044962531,4.032531,0.0,0.0,LDC-46656000,LDC-46656000,batchedFace,DynamicCDF,julia,float64,gpu,true,true,1
4.400495659330986,4.267271,0.0,0.0,LDC-46656000,LDC-46656000,batchedFace,PrecalculatedWeightsCDF,julia,float64,gpu,true,true,1
4.140416036454019,4.017097,0.0,0.0,LDC-46656000,LDC-46656000,batchedFace,HardCodedUpwind,julia,float64,gpu,true,true,1
4.312370923209664,4.17786,0.0,0.0,LDC-46656000,LDC-46656000,batchedFace,Fused,julia,float64,gpu,true,true,1
16.718477424749164,16.724427,0.0,0.0,LDC-46656000,LDC-46656000,cellBased,HardCodedCDF,julia,float64,gpu,true,true,1
19.878692246031747,19.882005,0.0,0.0,LDC-46656000,LDC-46656000,cellBased,DynamicUpwind,julia,float64,gpu,true,true,1
21.03336105462185,21.037483,0.0,0.0,LDC-46656000,LDC-46656000,cellBased,PrecalculatedWeightsUpwind,julia,float64,gpu,true,true,1
19.600384578125,19.6040855,0.0,0.0,LDC-46656000,LDC-46656000,cellBased,DynamicCDF,julia,float64,gpu,true,true,1
21.033110521008403,21.037567,0.0,0.0,LDC-46656000,LDC-46656000,cellBased,PrecalculatedWeightsCDF,julia,float64,gpu,true,true,1
19.88436226984127,19.870472,0.0,0.0,LDC-46656000,LDC-46656000,cellBased,HardCodedUpwind,julia,float64,gpu,true,true,1
20.70567860330579,20.709937,0.0,0.0,LDC-46656000,LDC-46656000,cellBased,Fused,julia,float64,gpu,true,true,1
0.9279771693907874,0.926726,0.0,0.0,LDC-2744000,LDC-2744000,faceBased,HardCodedCDF,julia,float64,gpu,true,true,1
1.1026212496679946,1.163362,0.0,0.0,LDC-2744000,LDC-2744000,faceBased,DynamicUpwind,julia,float64,gpu,true,true,1
1.117577314490803,1.1470065,0.0,0.0,LDC-2744000,LDC-2744000,faceBased,PrecalculatedWeightsUpwind,julia,float64,gpu,true,true,1
0.9266627674332344,0.925721,0.0,0.0,LDC-2744000,LDC-2744000,faceBased,DynamicCDF,julia,float64,gpu,true,true,1
1.116621408785298,1.13084,0.0,0.0,LDC-2744000,LDC-2744000,faceBased,PrecalculatedWeightsCDF,julia,float64,gpu,true,true,1
1.0859944718709116,1.1490775,0.0,0.0,LDC-2744000,LDC-2744000,faceBased,HardCodedUpwind,julia,float64,gpu,true,true,1
1.0560134397118033,1.063757,0.0,0.0,LDC-2744000,LDC-2744000,faceBased,Fused,julia,float64,gpu,true,true,1
0.5795789119321483,0.561147,0.0,0.0,LDC-2744000,LDC-2744000,batchedFace,HardCodedCDF,julia,float64,gpu,true,true,1
0.3635859787,0.358341,0.0,0.0,LDC-2744000,LDC-2744000,batchedFace,DynamicUpwind,julia,float64,gpu,true,true,1
0.3678141384,0.368249,0.0,0.0,LDC-2744000,LDC-2744000,batchedFace,PrecalculatedWeightsUpwind,julia,float64,gpu,true,true,1
0.35465225510000004,0.3543275,0.0,0.0,LDC-2744000,LDC-2744000,batchedFace,DynamicCDF,julia,float64,gpu,true,true,1
0.3676955449,0.3680145,0.0,0.0,LDC-2744000,LDC-2744000,batchedFace,PrecalculatedWeightsCDF,julia,float64,gpu,true,true,1
0.3472312311,0.346806,0.0,0.0,LDC-2744000,LDC-2744000,batchedFace,HardCodedUpwind,julia,float64,gpu,true,true,1
0.3545511956,0.354191,0.0,0.0,LDC-2744000,LDC-2744000,batchedFace,Fused,julia,float64,gpu,true,true,1
1.0971129080131725,1.09549,0.0,0.0,LDC-2744000,LDC-2744000,cellBased,HardCodedCDF,julia,float64,gpu,true,true,1
1.4319776206203332,1.5100805,0.0,0.0,LDC-2744000,LDC-2744000,cellBased,DynamicUpwind,julia,float64,gpu,true,true,1
1.4957715924369748,1.559608,0.0,0.0,LDC-2744000,LDC-2744000,cellBased,PrecalculatedWeightsUpwind,julia,float64,gpu,true,true,1
1.449370894935972,1.4971465,0.0,0.0,LDC-2744000,LDC-2744000,cellBased,DynamicCDF,julia,float64,gpu,true,true,1
1.5074195281306715,1.5587005,0.0,0.0,LDC-2744000,LDC-2744000,cellBased,PrecalculatedWeightsCDF,julia,float64,gpu,true,true,1
1.4376325206230172,1.458184,0.0,0.0,LDC-2744000,LDC-2744000,cellBased,HardCodedUpwind,julia,float64,gpu,true,true,1
1.418077670461013,1.440739,0.0,0.0,LDC-2744000,LDC-2744000,cellBased,Fused,julia,float64,gpu,true,true,1
0.6009653154095994,0.600401,0.0,0.0,LDC-1728000,LDC-1728000,faceBased,HardCodedCDF,julia,float64,gpu,true,true,1
0.6244101448224112,0.603375,0.0,0.0,LDC-1728000,LDC-1728000,faceBased,DynamicUpwind,julia,float64,gpu,true,true,1
0.774033899066874,0.826186,0.0,0.0,LDC-1728000,LDC-1728000,faceBased,PrecalculatedWeightsUpwind,julia,float64,gpu,true,true,1
0.76322828424605,0.813078,0.0,0.0,LDC-1728000,LDC-1728000,faceBased,DynamicCDF,julia,float64,gpu,true,true,1
0.7732702442510877,0.8250155,0.0,0.0,LDC-1728000,LDC-1728000,faceBased,PrecalculatedWeightsCDF,julia,float64,gpu,true,true,1
0.7577936162400976,0.803479,0.0,0.0,LDC-1728000,LDC-1728000,faceBased,HardCodedUpwind,julia,float64,gpu,true,true,1
0.7593209562032657,0.804091,0.0,0.0,LDC-1728000,LDC-1728000,faceBased,Fused,julia,float64,gpu,true,true,1
0.2978085286,0.2967545,0.0,0.0,LDC-1728000,LDC-1728000,batchedFace,HardCodedCDF,julia,float64,gpu,true,true,1
0.2737020756,0.272978,0.0,0.0,LDC-1728000,LDC-1728000,batchedFace,DynamicUpwind,julia,float64,gpu,true,true,1
0.2851500038,0.284973,0.0,0.0,LDC-1728000,LDC-1728000,batchedFace,PrecalculatedWeightsUpwind,julia,float64,gpu,true,true,1
0.2752811944,0.274347,0.0,0.0,LDC-1728000,LDC-1728000,batchedFace,DynamicCDF,julia,float64,gpu,true,true,1
0.279956552,0.279792,0.0,0.0,LDC-1728000,LDC-1728000,batchedFace,PrecalculatedWeightsCDF,julia,float64,gpu,true,true,1
0.27624022249999997,0.276668,0.0,0.0,LDC-1728000,LDC-1728000,batchedFace,HardCodedUpwind,julia,float64,gpu,true,true,1
0.2783071171,0.2784515,0.0,0.0,LDC-1728000,LDC-1728000,batchedFace,Fused,julia,float64,gpu,true,true,1
0.7365775927455028,0.7362165,0.0,0.0,LDC-1728000,LDC-1728000,cellBased,HardCodedCDF,julia,float64,gpu,true,true,1
0.8677154498696786,0.844989,0.0,0.0,LDC-1728000,LDC-1728000,cellBased,DynamicUpwind,julia,float64,gpu,true,true,1
1.062778772465315,1.109822,0.0,0.0,LDC-1728000,LDC-1728000,cellBased,PrecalculatedWeightsUpwind,julia,float64,gpu,true,true,1
0.998389681371566,1.058738,0.0,0.0,LDC-1728000,LDC-1728000,cellBased,DynamicCDF,julia,float64,gpu,true,true,1
1.0609701638610696,1.109683,0.0,0.0,LDC-1728000,LDC-1728000,cellBased,PrecalculatedWeightsCDF,julia,float64,gpu,true,true,1
1.0022046253521126,1.059199,0.0,0.0,LDC-1728000,LDC-1728000,cellBased,HardCodedUpwind,julia,float64,gpu,true,true,1
0.9935825856287425,1.0289365,0.0,0.0,LDC-1728000,LDC-1728000,cellBased,Fused,julia,float64,gpu,true,true,1
0.8429620754142713,0.766378,0.0,0.0,LDC-2197000,LDC-2197000,faceBased,HardCodedCDF,julia,float64,gpu,true,true,1
0.9407056487048592,0.98301,0.0,0.0,LDC-2197000,LDC-2197000,faceBased,DynamicUpwind,julia,float64,gpu,true,true,1
0.9590503226055116,0.998208,0.0,0.0,LDC-2197000,LDC-2197000,faceBased,PrecalculatedWeightsUpwind,julia,float64,gpu,true,true,1
0.9372287287624788,0.979055,0.0,0.0,LDC-2197000,LDC-2197000,faceBased,DynamicCDF,julia,float64,gpu,true,true,1
0.8744934377192983,0.799415,0.0,0.0,LDC-2197000,LDC-2197000,faceBased,PrecalculatedWeightsCDF,julia,float64,gpu,true,true,1
0.8961028686577905,0.9333635,0.0,0.0,LDC-2197000,LDC-2197000,faceBased,HardCodedUpwind,julia,float64,gpu,true,true,1
0.9308987742659436,0.976449,0.0,0.0,LDC-2197000,LDC-2197000,faceBased,Fused,julia,float64,gpu,true,true,1
0.4449313525,0.3610015,0.0,0.0,LDC-2197000,LDC-2197000,batchedFace,HardCodedCDF,julia,float64,gpu,true,true,1
0.3085928765,0.3080935,0.0,0.0,LDC-2197000,LDC-2197000,batchedFace,DynamicUpwind,julia,float64,gpu,true,true,1
0.31745755820000005,0.316941,0.0,0.0,LDC-2197000,LDC-2197000,batchedFace,PrecalculatedWeightsUpwind,julia,float64,gpu,true,true,1
0.3137985096,0.3129745,0.0,0.0,LDC-2197000,LDC-2197000,batchedFace,DynamicCDF,julia,float64,gpu,true,true,1
0.3254492033,0.322623,0.0,0.0,LDC-2197000,LDC-2197000,batchedFace,PrecalculatedWeightsCDF,julia,float64,gpu,true,true,1
0.3047476671,0.304173,0.0,0.0,LDC-2197000,LDC-2197000,batchedFace,HardCodedUpwind,julia,float64,gpu,true,true,1
0.31620230979999997,0.3147035,0.0,0.0,LDC-2197000,LDC-2197000,batchedFace,Fused,julia,float64,gpu,true,true,1
1.0143283335368336,0.943694,0.0,0.0,LDC-2197000,LDC-2197000,cellBased,HardCodedCDF,julia,float64,gpu,true,true,1
1.2307719728126545,1.2927635,0.0,0.0,LDC-2197000,LDC-2197000,cellBased,DynamicUpwind,julia,float64,gpu,true,true,1
1.290944588692946,1.3239985,0.0,0.0,LDC-2197000,LDC-2197000,cellBased,PrecalculatedWeightsUpwind,julia,float64,gpu,true,true,1
1.213137477582846,1.2728735,0.0,0.0,LDC-2197000,LDC-2197000,cellBased,DynamicCDF,julia,float64,gpu,true,true,1
1.294754819458897,1.3242395,0.0,0.0,LDC-2197000,LDC-2197000,cellBased,PrecalculatedWeightsCDF,julia,float64,gpu,true,true,1
1.2193340793339864,1.2823235,0.0,0.0,LDC-2197000,LDC-2197000,cellBased,HardCodedUpwind,julia,float64,gpu,true,true,1
1.2068031327841047,1.263052,0.0,0.0,LDC-2197000,LDC-2197000,cellBased,Fused,julia,float64,gpu,true,true,1
0.1024541685,0.102344,0.0,0.0,LDC-216000,LDC-216000,faceBased,HardCodedCDF,julia,float64,gpu,true,true,1
0.10316045389999999,0.102864,0.0,0.0,LDC-216000,LDC-216000,faceBased,DynamicUpwind,julia,float64,gpu,true,true,1
0.1057620867,0.105646,0.0,0.0,LDC-216000,LDC-216000,faceBased,PrecalculatedWeightsUpwind,julia,float64,gpu,true,true,1
0.1036774592,0.102721,0.0,0.0,LDC-216000,LDC-216000,faceBased,DynamicCDF,julia,float64,gpu,true,true,1
0.10605732799999999,0.105712,0.0,0.0,LDC-216000,LDC-216000,faceBased,PrecalculatedWeightsCDF,julia,float64,gpu,true,true,1
0.102246666,0.101956,0.0,0.0,LDC-216000,LDC-216000,faceBased,HardCodedUpwind,julia,float64,gpu,true,true,1
0.1023230059,0.102184,0.0,0.0,LDC-216000,LDC-216000,faceBased,Fused,julia,float64,gpu,true,true,1
0.12007094830000001,0.119079,0.0,0.0,LDC-216000,LDC-216000,batchedFace,HardCodedCDF,julia,float64,gpu,true,true,1
0.1210771128,0.120501,0.0,0.0,LDC-216000,LDC-216000,batchedFace,DynamicUpwind,julia,float64,gpu,true,true,1
0.1199551682,0.1195045,0.0,0.0,LDC-216000,LDC-216000,batchedFace,PrecalculatedWeightsUpwind,julia,float64,gpu,true,true,1
0.1204325401,0.1199295,0.0,0.0,LDC-216000,LDC-216000,batchedFace,DynamicCDF,julia,float64,gpu,true,true,1
0.1189836026,0.1185735,0.0,0.0,LDC-216000,LDC-216000,batchedFace,PrecalculatedWeightsCDF,julia,float64,gpu,true,true,1
0.11842585,0.117645,0.0,0.0,LDC-216000,LDC-216000,batchedFace,HardCodedUpwind,julia,float64,gpu,true,true,1
0.1176899344,0.117332,0.0,0.0,LDC-216000,LDC-216000,batchedFace,Fused,julia,float64,gpu,true,true,1
0.146023978,0.145362,0.0,0.0,LDC-216000,LDC-216000,cellBased,HardCodedCDF,julia,float64,gpu,true,true,1
0.1771162988,0.176865,0.0,0.0,LDC-216000,LDC-216000,cellBased,DynamicUpwind,julia,float64,gpu,true,true,1
0.1840801612,0.18192,0.0,0.0,LDC-216000,LDC-216000,cellBased,PrecalculatedWeightsUpwind,julia,float64,gpu,true,true,1
0.1751789006,0.172226,0.0,0.0,LDC-216000,LDC-216000,cellBased,DynamicCDF,julia,float64,gpu,true,true,1
0.1819029504,0.181712,0.0,0.0,LDC-216000,LDC-216000,cellBased,PrecalculatedWeightsCDF,julia,float64,gpu,true,true,1
0.176389368,0.176224,0.0,0.0,LDC-216000,LDC-216000,cellBased,HardCodedUpwind,julia,float64,gpu,true,true,1
0.1527833468,0.150305,0.0,0.0,LDC-216000,LDC-216000,cellBased,Fused,julia,float64,gpu,true,true,1
1.6356955684348395,1.583394,0.0,0.0,LDC-4913000,LDC-4913000,faceBased,HardCodedCDF,julia,float64,gpu,true,true,1
1.6682781599866399,1.589026,0.0,0.0,LDC-4913000,LDC-4913000,faceBased,DynamicUpwind,julia,float64,gpu,true,true,1
1.8607731708955224,1.885633,0.0,0.0,LDC-4913000,LDC-4913000,faceBased,PrecalculatedWeightsUpwind,julia,float64,gpu,true,true,1
1.8003276336705203,1.8360185,0.0,0.0,LDC-4913000,LDC-4913000,faceBased,DynamicCDF,julia,float64,gpu,true,true,1
1.8628321498505231,1.88763,0.0,0.0,LDC-4913000,LDC-4913000,faceBased,PrecalculatedWeightsCDF,julia,float64,gpu,true,true,1
1.7924362447879223,1.826527,0.0,0.0,LDC-4913000,LDC-4913000,faceBased,HardCodedUpwind,julia,float64,gpu,true,true,1
1.7908530535393459,1.821474,0.0,0.0,LDC-4913000,LDC-4913000,faceBased,Fused,julia,float64,gpu,true,true,1
0.6118009766160627,0.6104235,0.0,0.0,LDC-4913000,LDC-4913000,batchedFace,HardCodedCDF,julia,float64,gpu,true,true,1
0.5433841179732521,0.54297,0.0,0.0,LDC-4913000,LDC-4913000,batchedFace,DynamicUpwind,julia,float64,gpu,true,true,1
0.5679399780656893,0.567533,0.0,0.0,LDC-4913000,LDC-4913000,batchedFace,PrecalculatedWeightsUpwind,julia,float64,gpu,true,true,1
0.541710134200542,0.541134,0.0,0.0,LDC-4913000,LDC-4913000,batchedFace,DynamicCDF,julia,float64,gpu,true,true,1
0.5672437199772985,0.5668505,0.0,0.0,LDC-4913000,LDC-4913000,batchedFace,PrecalculatedWeightsCDF,julia,float64,gpu,true,true,1
0.5384350138993643,0.537991,0.0,0.0,LDC-4913000,LDC-4913000,batchedFace,HardCodedUpwind,julia,float64,gpu,true,true,1
0.5573557008699531,0.556771,0.0,0.0,LDC-4913000,LDC-4913000,batchedFace,Fused,julia,float64,gpu,true,true,1
1.9033637954285716,1.86039,0.0,0.0,LDC-4913000,LDC-4913000,cellBased,HardCodedCDF,julia,float64,gpu,true,true,1
2.4261471308365756,2.420757,0.0,0.0,LDC-4913000,LDC-4913000,cellBased,DynamicUpwind,julia,float64,gpu,true,true,1
2.5096159557344064,2.503019,0.0,0.0,LDC-4913000,LDC-4913000,cellBased,PrecalculatedWeightsUpwind,julia,float64,gpu,true,true,1
2.394035496399424,2.389357,0.0,0.0,LDC-4913000,LDC-4913000,cellBased,DynamicCDF,julia,float64,gpu,true,true,1
2.5123215919395467,2.511815,0.0,0.0,LDC-4913000,LDC-4913000,cellBased,PrecalculatedWeightsCDF,julia,float64,gpu,true,true,1
2.4116063704061896,2.41031,0.0,0.0,LDC-4913000,LDC-4913000,cellBased,HardCodedUpwind,julia,float64,gpu,true,true,1
2.404495592574735,2.4000235,0.0,0.0,LDC-4913000,LDC-4913000,cellBased,Fused,julia,float64,gpu,true,true,1
