case,cells,time_ns,strategy,executor,julia_or_neon,threads,node



LDC_N10,1000,1202,Global Face-Based,GPU,NeoN,1,gpu-nvidia-h100
LDC_N10,1000,1175,Global Face-Based,GPU,NeoN,1,gpu-nvidia-h100
LDC_N10,1000,1164,Global Face-Based,GPU,NeoN,1,gpu-nvidia-h100
LDC_N10,1000,1127,Cell-Based,GPU,NeoN + Julia,1,gpu-nvidia-h100
LDC_N10,1000,1002,Cell-Based,GPU,NeoN + Julia,1,gpu-nvidia-h100
LDC_N10,1000,1004,Cell-Based,GPU,NeoN + Julia,1,gpu-nvidia-h100
LDC_N10,1000,531,Global Face-Based,GPU,NeoN + Julia,1,gpu-nvidia-h100
LDC_N10,1000,480,Global Face-Based,GPU,NeoN + Julia,1,gpu-nvidia-h100
LDC_N10,1000,476,Global Face-Based,GPU,NeoN + Julia,1,gpu-nvidia-h100
LDC_N10,1000,489,Face-Based,GPU,NeoN + Julia,1,gpu-nvidia-h100
LDC_N10,1000,471,Face-Based,GPU,NeoN + Julia,1,gpu-nvidia-h100
LDC_N10,1000,457,Face-Based,GPU,NeoN + Julia,1,gpu-nvidia-h100



LDC_N20,8000,1226,Global Face-Based,GPU,NeoN,1,gpu-nvidia-h100
LDC_N20,8000,1208,Global Face-Based,GPU,NeoN,1,gpu-nvidia-h100
LDC_N20,8000,1185,Global Face-Based,GPU,NeoN,1,gpu-nvidia-h100
LDC_N20,8000,1133,Cell-Based,GPU,NeoN + Julia,1,gpu-nvidia-h100
LDC_N20,8000,1012,Cell-Based,GPU,NeoN + Julia,1,gpu-nvidia-h100
LDC_N20,8000,981,Cell-Based,GPU,NeoN + Julia,1,gpu-nvidia-h100
LDC_N20,8000,556,Global Face-Based,GPU,NeoN + Julia,1,gpu-nvidia-h100
LDC_N20,8000,482,Global Face-Based,GPU,NeoN + Julia,1,gpu-nvidia-h100
LDC_N20,8000,485,Global Face-Based,GPU,NeoN + Julia,1,gpu-nvidia-h100
LDC_N20,8000,494,Face-Based,GPU,NeoN + Julia,1,gpu-nvidia-h100
LDC_N20,8000,469,Face-Based,GPU,NeoN + Julia,1,gpu-nvidia-h100
LDC_N20,8000,471,Face-Based,GPU,NeoN + Julia,1,gpu-nvidia-h100



LDC_N30,27000,1672,Global Face-Based,GPU,NeoN,1,gpu-nvidia-h100
LDC_N30,27000,1515,Global Face-Based,GPU,NeoN,1,gpu-nvidia-h100
LDC_N30,27000,1498,Global Face-Based,GPU,NeoN,1,gpu-nvidia-h100
LDC_N30,27000,1170,Cell-Based,GPU,NeoN + Julia,1,gpu-nvidia-h100
LDC_N30,27000,1049,Cell-Based,GPU,NeoN + Julia,1,gpu-nvidia-h100
LDC_N30,27000,1052,Cell-Based,GPU,NeoN + Julia,1,gpu-nvidia-h100
LDC_N30,27000,585,Global Face-Based,GPU,NeoN + Julia,1,gpu-nvidia-h100
LDC_N30,27000,531,Global Face-Based,GPU,NeoN + Julia,1,gpu-nvidia-h100
LDC_N30,27000,535,Global Face-Based,GPU,NeoN + Julia,1,gpu-nvidia-h100
LDC_N30,27000,526,Face-Based,GPU,NeoN + Julia,1,gpu-nvidia-h100
LDC_N30,27000,511,Face-Based,GPU,NeoN + Julia,1,gpu-nvidia-h100
LDC_N30,27000,512,Face-Based,GPU,NeoN + Julia,1,gpu-nvidia-h100



LDC_N40,64000,3016,Global Face-Based,GPU,NeoN,1,gpu-nvidia-h100
LDC_N40,64000,2906,Global Face-Based,GPU,NeoN,1,gpu-nvidia-h100
LDC_N40,64000,2914,Global Face-Based,GPU,NeoN,1,gpu-nvidia-h100
LDC_N40,64000,1639,Cell-Based,GPU,NeoN + Julia,1,gpu-nvidia-h100
LDC_N40,64000,1573,Cell-Based,GPU,NeoN + Julia,1,gpu-nvidia-h100
LDC_N40,64000,1527,Cell-Based,GPU,NeoN + Julia,1,gpu-nvidia-h100
LDC_N40,64000,854,Global Face-Based,GPU,NeoN + Julia,1,gpu-nvidia-h100
LDC_N40,64000,817,Global Face-Based,GPU,NeoN + Julia,1,gpu-nvidia-h100
LDC_N40,64000,800,Global Face-Based,GPU,NeoN + Julia,1,gpu-nvidia-h100
LDC_N40,64000,808,Face-Based,GPU,NeoN + Julia,1,gpu-nvidia-h100
LDC_N40,64000,773,Face-Based,GPU,NeoN + Julia,1,gpu-nvidia-h100
LDC_N40,64000,775,Face-Based,GPU,NeoN + Julia,1,gpu-nvidia-h100



LDC_N50,125000,4620,Global Face-Based,GPU,NeoN,1,gpu-nvidia-h100
LDC_N50,125000,4480,Global Face-Based,GPU,NeoN,1,gpu-nvidia-h100
LDC_N50,125000,4499,Global Face-Based,GPU,NeoN,1,gpu-nvidia-h100
LDC_N50,125000,1795,Cell-Based,GPU,NeoN + Julia,1,gpu-nvidia-h100
LDC_N50,125000,1737,Cell-Based,GPU,NeoN + Julia,1,gpu-nvidia-h100
LDC_N50,125000,1732,Cell-Based,GPU,NeoN + Julia,1,gpu-nvidia-h100
LDC_N50,125000,1014,Global Face-Based,GPU,NeoN + Julia,1,gpu-nvidia-h100
LDC_N50,125000,969,Global Face-Based,GPU,NeoN + Julia,1,gpu-nvidia-h100
LDC_N50,125000,976,Global Face-Based,GPU,NeoN + Julia,1,gpu-nvidia-h100
LDC_N50,125000,970,Face-Based,GPU,NeoN + Julia,1,gpu-nvidia-h100
LDC_N50,125000,936,Face-Based,GPU,NeoN + Julia,1,gpu-nvidia-h100
LDC_N50,125000,942,Face-Based,GPU,NeoN + Julia,1,gpu-nvidia-h100



LDC_N60,216000,6765,Global Face-Based,GPU,NeoN,1,gpu-nvidia-h100
LDC_N60,216000,6762,Global Face-Based,GPU,NeoN,1,gpu-nvidia-h100
LDC_N60,216000,6703,Global Face-Based,GPU,NeoN,1,gpu-nvidia-h100
LDC_N60,216000,2253,Cell-Based,GPU,NeoN + Julia,1,gpu-nvidia-h100
LDC_N60,216000,2069,Cell-Based,GPU,NeoN + Julia,1,gpu-nvidia-h100
LDC_N60,216000,2004,Cell-Based,GPU,NeoN + Julia,1,gpu-nvidia-h100
LDC_N60,216000,1636,Global Face-Based,GPU,NeoN + Julia,1,gpu-nvidia-h100
LDC_N60,216000,1228,Global Face-Based,GPU,NeoN + Julia,1,gpu-nvidia-h100
LDC_N60,216000,1221,Global Face-Based,GPU,NeoN + Julia,1,gpu-nvidia-h100
LDC_N60,216000,1405,Face-Based,GPU,NeoN + Julia,1,gpu-nvidia-h100
LDC_N60,216000,1202,Face-Based,GPU,NeoN + Julia,1,gpu-nvidia-h100
LDC_N60,216000,1181,Face-Based,GPU,NeoN + Julia,1,gpu-nvidia-h100



LDC_N70,343000,10056,Global Face-Based,GPU,NeoN,1,gpu-nvidia-h100
LDC_N70,343000,9991,Global Face-Based,GPU,NeoN,1,gpu-nvidia-h100
LDC_N70,343000,9985,Global Face-Based,GPU,NeoN,1,gpu-nvidia-h100
LDC_N70,343000,2484,Cell-Based,GPU,NeoN + Julia,1,gpu-nvidia-h100
LDC_N70,343000,2357,Cell-Based,GPU,NeoN + Julia,1,gpu-nvidia-h100
LDC_N70,343000,2306,Cell-Based,GPU,NeoN + Julia,1,gpu-nvidia-h100
LDC_N70,343000,1641,Global Face-Based,GPU,NeoN + Julia,1,gpu-nvidia-h100
LDC_N70,343000,1537,Global Face-Based,GPU,NeoN + Julia,1,gpu-nvidia-h100
LDC_N70,343000,1539,Global Face-Based,GPU,NeoN + Julia,1,gpu-nvidia-h100
LDC_N70,343000,1570,Face-Based,GPU,NeoN + Julia,1,gpu-nvidia-h100
LDC_N70,343000,1506,Face-Based,GPU,NeoN + Julia,1,gpu-nvidia-h100
LDC_N70,343000,1483,Face-Based,GPU,NeoN + Julia,1,gpu-nvidia-h100



LDC_N80,512000,14587,Global Face-Based,GPU,NeoN,1,gpu-nvidia-h100
LDC_N80,512000,14437,Global Face-Based,GPU,NeoN,1,gpu-nvidia-h100
LDC_N80,512000,14406,Global Face-Based,GPU,NeoN,1,gpu-nvidia-h100
LDC_N80,512000,2957,Cell-Based,GPU,NeoN + Julia,1,gpu-nvidia-h100
LDC_N80,512000,2862,Cell-Based,GPU,NeoN + Julia,1,gpu-nvidia-h100
LDC_N80,512000,2827,Cell-Based,GPU,NeoN + Julia,1,gpu-nvidia-h100
LDC_N80,512000,2194,Global Face-Based,GPU,NeoN + Julia,1,gpu-nvidia-h100
LDC_N80,512000,1930,Global Face-Based,GPU,NeoN + Julia,1,gpu-nvidia-h100
LDC_N80,512000,1937,Global Face-Based,GPU,NeoN + Julia,1,gpu-nvidia-h100
LDC_N80,512000,1957,Face-Based,GPU,NeoN + Julia,1,gpu-nvidia-h100
LDC_N80,512000,1894,Face-Based,GPU,NeoN + Julia,1,gpu-nvidia-h100
LDC_N80,512000,1905,Face-Based,GPU,NeoN + Julia,1,gpu-nvidia-h100



LDC_N90,729000,24162,Global Face-Based,GPU,NeoN,1,gpu-nvidia-h100
LDC_N90,729000,24121,Global Face-Based,GPU,NeoN,1,gpu-nvidia-h100
LDC_N90,729000,24144,Global Face-Based,GPU,NeoN,1,gpu-nvidia-h100
LDC_N90,729000,3409,Cell-Based,GPU,NeoN + Julia,1,gpu-nvidia-h100
LDC_N90,729000,3292,Cell-Based,GPU,NeoN + Julia,1,gpu-nvidia-h100
LDC_N90,729000,3283,Cell-Based,GPU,NeoN + Julia,1,gpu-nvidia-h100
LDC_N90,729000,2574,Global Face-Based,GPU,NeoN + Julia,1,gpu-nvidia-h100
LDC_N90,729000,2467,Global Face-Based,GPU,NeoN + Julia,1,gpu-nvidia-h100
LDC_N90,729000,2440,Global Face-Based,GPU,NeoN + Julia,1,gpu-nvidia-h100
LDC_N90,729000,2486,Face-Based,GPU,NeoN + Julia,1,gpu-nvidia-h100
LDC_N90,729000,2413,Face-Based,GPU,NeoN + Julia,1,gpu-nvidia-h100
LDC_N90,729000,2395,Face-Based,GPU,NeoN + Julia,1,gpu-nvidia-h100



LDC_N100,1000000,29005,Global Face-Based,GPU,NeoN,1,gpu-nvidia-h100
LDC_N100,1000000,28819,Global Face-Based,GPU,NeoN,1,gpu-nvidia-h100
LDC_N100,1000000,28867,Global Face-Based,GPU,NeoN,1,gpu-nvidia-h100
LDC_N100,1000000,4105,Cell-Based,GPU,NeoN + Julia,1,gpu-nvidia-h100
LDC_N100,1000000,4032,Cell-Based,GPU,NeoN + Julia,1,gpu-nvidia-h100
LDC_N100,1000000,3982,Cell-Based,GPU,NeoN + Julia,1,gpu-nvidia-h100
LDC_N100,1000000,3195,Global Face-Based,GPU,NeoN + Julia,1,gpu-nvidia-h100
LDC_N100,1000000,3069,Global Face-Based,GPU,NeoN + Julia,1,gpu-nvidia-h100
LDC_N100,1000000,3088,Global Face-Based,GPU,NeoN + Julia,1,gpu-nvidia-h100
LDC_N100,1000000,3096,Face-Based,GPU,NeoN + Julia,1,gpu-nvidia-h100
LDC_N100,1000000,3044,Face-Based,GPU,NeoN + Julia,1,gpu-nvidia-h100
LDC_N100,1000000,3045,Face-Based,GPU,NeoN + Julia,1,gpu-nvidia-h100



LDC_N110,1331000,39735,Global Face-Based,GPU,NeoN,1,gpu-nvidia-h100
LDC_N110,1331000,39801,Global Face-Based,GPU,NeoN,1,gpu-nvidia-h100
LDC_N110,1331000,39635,Global Face-Based,GPU,NeoN,1,gpu-nvidia-h100
LDC_N110,1331000,5152,Cell-Based,GPU,NeoN + Julia,1,gpu-nvidia-h100
LDC_N110,1331000,5051,Cell-Based,GPU,NeoN + Julia,1,gpu-nvidia-h100
LDC_N110,1331000,5075,Cell-Based,GPU,NeoN + Julia,1,gpu-nvidia-h100
LDC_N110,1331000,3959,Global Face-Based,GPU,NeoN + Julia,1,gpu-nvidia-h100
LDC_N110,1331000,3893,Global Face-Based,GPU,NeoN + Julia,1,gpu-nvidia-h100
LDC_N110,1331000,3872,Global Face-Based,GPU,NeoN + Julia,1,gpu-nvidia-h100
LDC_N110,1331000,3897,Face-Based,GPU,NeoN + Julia,1,gpu-nvidia-h100
LDC_N110,1331000,3818,Face-Based,GPU,NeoN + Julia,1,gpu-nvidia-h100
LDC_N110,1331000,3833,Face-Based,GPU,NeoN + Julia,1,gpu-nvidia-h100



LDC_N120,1728000,48886,Global Face-Based,GPU,NeoN,1,gpu-nvidia-h100
LDC_N120,1728000,48897,Global Face-Based,GPU,NeoN,1,gpu-nvidia-h100
LDC_N120,1728000,48869,Global Face-Based,GPU,NeoN,1,gpu-nvidia-h100
LDC_N120,1728000,6273,Cell-Based,GPU,NeoN + Julia,1,gpu-nvidia-h100
LDC_N120,1728000,6145,Cell-Based,GPU,NeoN + Julia,1,gpu-nvidia-h100
LDC_N120,1728000,6108,Cell-Based,GPU,NeoN + Julia,1,gpu-nvidia-h100
LDC_N120,1728000,4841,Global Face-Based,GPU,NeoN + Julia,1,gpu-nvidia-h100
LDC_N120,1728000,4747,Global Face-Based,GPU,NeoN + Julia,1,gpu-nvidia-h100
LDC_N120,1728000,4768,Global Face-Based,GPU,NeoN + Julia,1,gpu-nvidia-h100
LDC_N120,1728000,4775,Face-Based,GPU,NeoN + Julia,1,gpu-nvidia-h100
LDC_N120,1728000,4746,Face-Based,GPU,NeoN + Julia,1,gpu-nvidia-h100
LDC_N120,1728000,4714,Face-Based,GPU,NeoN + Julia,1,gpu-nvidia-h100



LDC_N130,2197000,66593,Global Face-Based,GPU,NeoN,1,gpu-nvidia-h100
LDC_N130,2197000,66517,Global Face-Based,GPU,NeoN,1,gpu-nvidia-h100
LDC_N130,2197000,66628,Global Face-Based,GPU,NeoN,1,gpu-nvidia-h100
LDC_N130,2197000,7527,Cell-Based,GPU,NeoN + Julia,1,gpu-nvidia-h100
LDC_N130,2197000,7488,Cell-Based,GPU,NeoN + Julia,1,gpu-nvidia-h100
LDC_N130,2197000,7458,Cell-Based,GPU,NeoN + Julia,1,gpu-nvidia-h100
LDC_N130,2197000,5944,Global Face-Based,GPU,NeoN + Julia,1,gpu-nvidia-h100
LDC_N130,2197000,5890,Global Face-Based,GPU,NeoN + Julia,1,gpu-nvidia-h100
LDC_N130,2197000,5863,Global Face-Based,GPU,NeoN + Julia,1,gpu-nvidia-h100
LDC_N130,2197000,5847,Face-Based,GPU,NeoN + Julia,1,gpu-nvidia-h100
LDC_N130,2197000,5833,Face-Based,GPU,NeoN + Julia,1,gpu-nvidia-h100
LDC_N130,2197000,5796,Face-Based,GPU,NeoN + Julia,1,gpu-nvidia-h100



LDC_N140,2744000,72726,Global Face-Based,GPU,NeoN,1,gpu-nvidia-h100
LDC_N140,2744000,72688,Global Face-Based,GPU,NeoN,1,gpu-nvidia-h100
LDC_N140,2744000,72617,Global Face-Based,GPU,NeoN,1,gpu-nvidia-h100
LDC_N140,2744000,9064,Cell-Based,GPU,NeoN + Julia,1,gpu-nvidia-h100
LDC_N140,2744000,8952,Cell-Based,GPU,NeoN + Julia,1,gpu-nvidia-h100
LDC_N140,2744000,8949,Cell-Based,GPU,NeoN + Julia,1,gpu-nvidia-h100
LDC_N140,2744000,7201,Global Face-Based,GPU,NeoN + Julia,1,gpu-nvidia-h100
LDC_N140,2744000,7158,Global Face-Based,GPU,NeoN + Julia,1,gpu-nvidia-h100
LDC_N140,2744000,7119,Global Face-Based,GPU,NeoN + Julia,1,gpu-nvidia-h100
LDC_N140,2744000,7099,Face-Based,GPU,NeoN + Julia,1,gpu-nvidia-h100
LDC_N140,2744000,7061,Face-Based,GPU,NeoN + Julia,1,gpu-nvidia-h100
LDC_N140,2744000,7041,Face-Based,GPU,NeoN + Julia,1,gpu-nvidia-h100



LDC_N150,3375000,95883,Global Face-Based,GPU,NeoN,1,gpu-nvidia-h100
LDC_N150,3375000,95806,Global Face-Based,GPU,NeoN,1,gpu-nvidia-h100
LDC_N150,3375000,95702,Global Face-Based,GPU,NeoN,1,gpu-nvidia-h100
LDC_N150,3375000,11264,Cell-Based,GPU,NeoN + Julia,1,gpu-nvidia-h100
LDC_N150,3375000,11123,Cell-Based,GPU,NeoN + Julia,1,gpu-nvidia-h100
LDC_N150,3375000,11112,Cell-Based,GPU,NeoN + Julia,1,gpu-nvidia-h100
LDC_N150,3375000,8807,Global Face-Based,GPU,NeoN + Julia,1,gpu-nvidia-h100
LDC_N150,3375000,8714,Global Face-Based,GPU,NeoN + Julia,1,gpu-nvidia-h100
LDC_N150,3375000,8685,Global Face-Based,GPU,NeoN + Julia,1,gpu-nvidia-h100
LDC_N150,3375000,8638,Face-Based,GPU,NeoN + Julia,1,gpu-nvidia-h100
LDC_N150,3375000,8620,Face-Based,GPU,NeoN + Julia,1,gpu-nvidia-h100
LDC_N150,3375000,8609,Face-Based,GPU,NeoN + Julia,1,gpu-nvidia-h100



LDC_N160,4096000,119412,Global Face-Based,GPU,NeoN,1,gpu-nvidia-h100
LDC_N160,4096000,119288,Global Face-Based,GPU,NeoN,1,gpu-nvidia-h100
LDC_N160,4096000,119204,Global Face-Based,GPU,NeoN,1,gpu-nvidia-h100
LDC_N160,4096000,13007,Cell-Based,GPU,NeoN + Julia,1,gpu-nvidia-h100
LDC_N160,4096000,13134,Cell-Based,GPU,NeoN + Julia,1,gpu-nvidia-h100
LDC_N160,4096000,12971,Cell-Based,GPU,NeoN + Julia,1,gpu-nvidia-h100
LDC_N160,4096000,10497,Global Face-Based,GPU,NeoN + Julia,1,gpu-nvidia-h100
LDC_N160,4096000,10406,Global Face-Based,GPU,NeoN + Julia,1,gpu-nvidia-h100
LDC_N160,4096000,10404,Global Face-Based,GPU,NeoN + Julia,1,gpu-nvidia-h100
LDC_N160,4096000,10392,Face-Based,GPU,NeoN + Julia,1,gpu-nvidia-h100
LDC_N160,4096000,10290,Face-Based,GPU,NeoN + Julia,1,gpu-nvidia-h100
LDC_N160,4096000,10296,Face-Based,GPU,NeoN + Julia,1,gpu-nvidia-h100



LDC_N170,4913000,156090,Global Face-Based,GPU,NeoN,1,gpu-nvidia-h100
LDC_N170,4913000,155981,Global Face-Based,GPU,NeoN,1,gpu-nvidia-h100
LDC_N170,4913000,155868,Global Face-Based,GPU,NeoN,1,gpu-nvidia-h100
LDC_N170,4913000,15298,Cell-Based,GPU,NeoN + Julia,1,gpu-nvidia-h100
LDC_N170,4913000,15206,Cell-Based,GPU,NeoN + Julia,1,gpu-nvidia-h100
LDC_N170,4913000,15142,Cell-Based,GPU,NeoN + Julia,1,gpu-nvidia-h100
LDC_N170,4913000,12390,Global Face-Based,GPU,NeoN + Julia,1,gpu-nvidia-h100
LDC_N170,4913000,12279,Global Face-Based,GPU,NeoN + Julia,1,gpu-nvidia-h100
LDC_N170,4913000,12263,Global Face-Based,GPU,NeoN + Julia,1,gpu-nvidia-h100
LDC_N170,4913000,12224,Face-Based,GPU,NeoN + Julia,1,gpu-nvidia-h100
LDC_N170,4913000,12150,Face-Based,GPU,NeoN + Julia,1,gpu-nvidia-h100
LDC_N170,4913000,12141,Face-Based,GPU,NeoN + Julia,1,gpu-nvidia-h100



LDC_N10,1000,1198,Global Face-Based,GPU,NeoN,1,gpu-nvidia-h200
LDC_N10,1000,1151,Global Face-Based,GPU,NeoN,1,gpu-nvidia-h200
LDC_N10,1000,1143,Global Face-Based,GPU,NeoN,1,gpu-nvidia-h200
LDC_N10,1000,1103,Cell-Based,GPU,NeoN + Julia,1,gpu-nvidia-h200
LDC_N10,1000,901,Cell-Based,GPU,NeoN + Julia,1,gpu-nvidia-h200
LDC_N10,1000,885,Cell-Based,GPU,NeoN + Julia,1,gpu-nvidia-h200
LDC_N10,1000,476,Global Face-Based,GPU,NeoN + Julia,1,gpu-nvidia-h200
LDC_N10,1000,437,Global Face-Based,GPU,NeoN + Julia,1,gpu-nvidia-h200
LDC_N10,1000,433,Global Face-Based,GPU,NeoN + Julia,1,gpu-nvidia-h200
LDC_N10,1000,448,Face-Based,GPU,NeoN + Julia,1,gpu-nvidia-h200
LDC_N10,1000,424,Face-Based,GPU,NeoN + Julia,1,gpu-nvidia-h200
LDC_N10,1000,417,Face-Based,GPU,NeoN + Julia,1,gpu-nvidia-h200



LDC_N20,8000,1167,Global Face-Based,GPU,NeoN,1,gpu-nvidia-h200
LDC_N20,8000,1141,Global Face-Based,GPU,NeoN,1,gpu-nvidia-h200
LDC_N20,8000,1162,Global Face-Based,GPU,NeoN,1,gpu-nvidia-h200
LDC_N20,8000,1117,Cell-Based,GPU,NeoN + Julia,1,gpu-nvidia-h200
LDC_N20,8000,916,Cell-Based,GPU,NeoN + Julia,1,gpu-nvidia-h200
LDC_N20,8000,895,Cell-Based,GPU,NeoN + Julia,1,gpu-nvidia-h200
LDC_N20,8000,485,Global Face-Based,GPU,NeoN + Julia,1,gpu-nvidia-h200
LDC_N20,8000,441,Global Face-Based,GPU,NeoN + Julia,1,gpu-nvidia-h200
LDC_N20,8000,438,Global Face-Based,GPU,NeoN + Julia,1,gpu-nvidia-h200
LDC_N20,8000,453,Face-Based,GPU,NeoN + Julia,1,gpu-nvidia-h200
LDC_N20,8000,427,Face-Based,GPU,NeoN + Julia,1,gpu-nvidia-h200
LDC_N20,8000,424,Face-Based,GPU,NeoN + Julia,1,gpu-nvidia-h200



LDC_N30,27000,1638,Global Face-Based,GPU,NeoN,1,gpu-nvidia-h200
LDC_N30,27000,1446,Global Face-Based,GPU,NeoN,1,gpu-nvidia-h200
LDC_N30,27000,1514,Global Face-Based,GPU,NeoN,1,gpu-nvidia-h200
LDC_N30,27000,1130,Cell-Based,GPU,NeoN + Julia,1,gpu-nvidia-h200
LDC_N30,27000,951,Cell-Based,GPU,NeoN + Julia,1,gpu-nvidia-h200
LDC_N30,27000,927,Cell-Based,GPU,NeoN + Julia,1,gpu-nvidia-h200
LDC_N30,27000,520,Global Face-Based,GPU,NeoN + Julia,1,gpu-nvidia-h200
LDC_N30,27000,481,Global Face-Based,GPU,NeoN + Julia,1,gpu-nvidia-h200
LDC_N30,27000,474,Global Face-Based,GPU,NeoN + Julia,1,gpu-nvidia-h200
LDC_N30,27000,476,Face-Based,GPU,NeoN + Julia,1,gpu-nvidia-h200
LDC_N30,27000,459,Face-Based,GPU,NeoN + Julia,1,gpu-nvidia-h200
LDC_N30,27000,454,Face-Based,GPU,NeoN + Julia,1,gpu-nvidia-h200



LDC_N40,64000,3012,Global Face-Based,GPU,NeoN,1,gpu-nvidia-h200
LDC_N40,64000,2958,Global Face-Based,GPU,NeoN,1,gpu-nvidia-h200
LDC_N40,64000,2984,Global Face-Based,GPU,NeoN,1,gpu-nvidia-h200
LDC_N40,64000,1712,Cell-Based,GPU,NeoN + Julia,1,gpu-nvidia-h200
LDC_N40,64000,1537,Cell-Based,GPU,NeoN + Julia,1,gpu-nvidia-h200
LDC_N40,64000,1534,Cell-Based,GPU,NeoN + Julia,1,gpu-nvidia-h200
LDC_N40,64000,803,Global Face-Based,GPU,NeoN + Julia,1,gpu-nvidia-h200
LDC_N40,64000,772,Global Face-Based,GPU,NeoN + Julia,1,gpu-nvidia-h200
LDC_N40,64000,762,Global Face-Based,GPU,NeoN + Julia,1,gpu-nvidia-h200
LDC_N40,64000,779,Face-Based,GPU,NeoN + Julia,1,gpu-nvidia-h200
LDC_N40,64000,747,Face-Based,GPU,NeoN + Julia,1,gpu-nvidia-h200
LDC_N40,64000,744,Face-Based,GPU,NeoN + Julia,1,gpu-nvidia-h200



LDC_N50,125000,4639,Global Face-Based,GPU,NeoN,1,gpu-nvidia-h200
LDC_N50,125000,4543,Global Face-Based,GPU,NeoN,1,gpu-nvidia-h200
LDC_N50,125000,4597,Global Face-Based,GPU,NeoN,1,gpu-nvidia-h200
LDC_N50,125000,1880,Cell-Based,GPU,NeoN + Julia,1,gpu-nvidia-h200
LDC_N50,125000,1771,Cell-Based,GPU,NeoN + Julia,1,gpu-nvidia-h200
LDC_N50,125000,1705,Cell-Based,GPU,NeoN + Julia,1,gpu-nvidia-h200
LDC_N50,125000,27244,Global Face-Based,GPU,NeoN + Julia,1,gpu-nvidia-h200
LDC_N50,125000,931,Global Face-Based,GPU,NeoN + Julia,1,gpu-nvidia-h200
LDC_N50,125000,927,Global Face-Based,GPU,NeoN + Julia,1,gpu-nvidia-h200
LDC_N50,125000,1034,Face-Based,GPU,NeoN + Julia,1,gpu-nvidia-h200
LDC_N50,125000,914,Face-Based,GPU,NeoN + Julia,1,gpu-nvidia-h200
LDC_N50,125000,907,Face-Based,GPU,NeoN + Julia,1,gpu-nvidia-h200



LDC_N60,216000,6745,Global Face-Based,GPU,NeoN,1,gpu-nvidia-h200
LDC_N60,216000,6762,Global Face-Based,GPU,NeoN,1,gpu-nvidia-h200
LDC_N60,216000,6675,Global Face-Based,GPU,NeoN,1,gpu-nvidia-h200
LDC_N60,216000,2214,Cell-Based,GPU,NeoN + Julia,1,gpu-nvidia-h200
LDC_N60,216000,1985,Cell-Based,GPU,NeoN + Julia,1,gpu-nvidia-h200
LDC_N60,216000,1973,Cell-Based,GPU,NeoN + Julia,1,gpu-nvidia-h200
LDC_N60,216000,1255,Global Face-Based,GPU,NeoN + Julia,1,gpu-nvidia-h200
LDC_N60,216000,1174,Global Face-Based,GPU,NeoN + Julia,1,gpu-nvidia-h200
LDC_N60,216000,1157,Global Face-Based,GPU,NeoN + Julia,1,gpu-nvidia-h200
LDC_N60,216000,1175,Face-Based,GPU,NeoN + Julia,1,gpu-nvidia-h200
LDC_N60,216000,1141,Face-Based,GPU,NeoN + Julia,1,gpu-nvidia-h200
LDC_N60,216000,1136,Face-Based,GPU,NeoN + Julia,1,gpu-nvidia-h200



LDC_N180,5832000,155978,Global Face-Based,GPU,NeoN,1,gpu-nvidia-h100
LDC_N180,5832000,155936,Global Face-Based,GPU,NeoN,1,gpu-nvidia-h100
LDC_N180,5832000,155960,Global Face-Based,GPU,NeoN,1,gpu-nvidia-h100
LDC_N180,5832000,17744,Cell-Based,GPU,NeoN + Julia,1,gpu-nvidia-h100
LDC_N180,5832000,17529,Cell-Based,GPU,NeoN + Julia,1,gpu-nvidia-h100
LDC_N180,5832000,17764,Cell-Based,GPU,NeoN + Julia,1,gpu-nvidia-h100
LDC_N180,5832000,14461,Global Face-Based,GPU,NeoN + Julia,1,gpu-nvidia-h100
LDC_N180,5832000,14399,Global Face-Based,GPU,NeoN + Julia,1,gpu-nvidia-h100
LDC_N180,5832000,14376,Global Face-Based,GPU,NeoN + Julia,1,gpu-nvidia-h100
LDC_N180,5832000,14355,Face-Based,GPU,NeoN + Julia,1,gpu-nvidia-h100
LDC_N180,5832000,14303,Face-Based,GPU,NeoN + Julia,1,gpu-nvidia-h100
LDC_N180,5832000,14289,Face-Based,GPU,NeoN + Julia,1,gpu-nvidia-h100



LDC_N70,343000,9972,Global Face-Based,GPU,NeoN,1,gpu-nvidia-h200
LDC_N70,343000,9972,Global Face-Based,GPU,NeoN,1,gpu-nvidia-h200
LDC_N70,343000,9978,Global Face-Based,GPU,NeoN,1,gpu-nvidia-h200
LDC_N70,343000,2434,Cell-Based,GPU,NeoN + Julia,1,gpu-nvidia-h200
LDC_N70,343000,2291,Cell-Based,GPU,NeoN + Julia,1,gpu-nvidia-h200
LDC_N70,343000,2263,Cell-Based,GPU,NeoN + Julia,1,gpu-nvidia-h200
LDC_N70,343000,1535,Global Face-Based,GPU,NeoN + Julia,1,gpu-nvidia-h200
LDC_N70,343000,1460,Global Face-Based,GPU,NeoN + Julia,1,gpu-nvidia-h200
LDC_N70,343000,1451,Global Face-Based,GPU,NeoN + Julia,1,gpu-nvidia-h200
LDC_N70,343000,1466,Face-Based,GPU,NeoN + Julia,1,gpu-nvidia-h200
LDC_N70,343000,1449,Face-Based,GPU,NeoN + Julia,1,gpu-nvidia-h200
LDC_N70,343000,1432,Face-Based,GPU,NeoN + Julia,1,gpu-nvidia-h200



LDC_N80,512000,14396,Global Face-Based,GPU,NeoN,1,gpu-nvidia-h200
LDC_N80,512000,14398,Global Face-Based,GPU,NeoN,1,gpu-nvidia-h200
LDC_N80,512000,14328,Global Face-Based,GPU,NeoN,1,gpu-nvidia-h200
LDC_N80,512000,2997,Cell-Based,GPU,NeoN + Julia,1,gpu-nvidia-h200
LDC_N80,512000,2823,Cell-Based,GPU,NeoN + Julia,1,gpu-nvidia-h200
LDC_N80,512000,2810,Cell-Based,GPU,NeoN + Julia,1,gpu-nvidia-h200
LDC_N80,512000,1910,Global Face-Based,GPU,NeoN + Julia,1,gpu-nvidia-h200
LDC_N80,512000,1848,Global Face-Based,GPU,NeoN + Julia,1,gpu-nvidia-h200
LDC_N80,512000,1851,Global Face-Based,GPU,NeoN + Julia,1,gpu-nvidia-h200
LDC_N80,512000,1863,Face-Based,GPU,NeoN + Julia,1,gpu-nvidia-h200
LDC_N80,512000,1830,Face-Based,GPU,NeoN + Julia,1,gpu-nvidia-h200
LDC_N80,512000,1830,Face-Based,GPU,NeoN + Julia,1,gpu-nvidia-h200



LDC_N90,729000,23986,Global Face-Based,GPU,NeoN,1,gpu-nvidia-h200
LDC_N90,729000,24035,Global Face-Based,GPU,NeoN,1,gpu-nvidia-h200
LDC_N90,729000,23946,Global Face-Based,GPU,NeoN,1,gpu-nvidia-h200
LDC_N90,729000,3387,Cell-Based,GPU,NeoN + Julia,1,gpu-nvidia-h200
LDC_N90,729000,3186,Cell-Based,GPU,NeoN + Julia,1,gpu-nvidia-h200
LDC_N90,729000,3564,Cell-Based,GPU,NeoN + Julia,1,gpu-nvidia-h200
LDC_N90,729000,2418,Global Face-Based,GPU,NeoN + Julia,1,gpu-nvidia-h200
LDC_N90,729000,2341,Global Face-Based,GPU,NeoN + Julia,1,gpu-nvidia-h200
LDC_N90,729000,2365,Global Face-Based,GPU,NeoN + Julia,1,gpu-nvidia-h200
LDC_N90,729000,2347,Face-Based,GPU,NeoN + Julia,1,gpu-nvidia-h200
LDC_N90,729000,16380,Face-Based,GPU,NeoN + Julia,1,gpu-nvidia-h200
LDC_N90,729000,2337,Face-Based,GPU,NeoN + Julia,1,gpu-nvidia-h200



LDC_N100,1000000,28668,Global Face-Based,GPU,NeoN,1,gpu-nvidia-h200
LDC_N100,1000000,28566,Global Face-Based,GPU,NeoN,1,gpu-nvidia-h200
LDC_N100,1000000,28671,Global Face-Based,GPU,NeoN,1,gpu-nvidia-h200
LDC_N100,1000000,4041,Cell-Based,GPU,NeoN + Julia,1,gpu-nvidia-h200
LDC_N100,1000000,3846,Cell-Based,GPU,NeoN + Julia,1,gpu-nvidia-h200
LDC_N100,1000000,3826,Cell-Based,GPU,NeoN + Julia,1,gpu-nvidia-h200
LDC_N100,1000000,3014,Global Face-Based,GPU,NeoN + Julia,1,gpu-nvidia-h200
LDC_N100,1000000,2961,Global Face-Based,GPU,NeoN + Julia,1,gpu-nvidia-h200
LDC_N100,1000000,2962,Global Face-Based,GPU,NeoN + Julia,1,gpu-nvidia-h200
LDC_N100,1000000,2967,Face-Based,GPU,NeoN + Julia,1,gpu-nvidia-h200
LDC_N100,1000000,2928,Face-Based,GPU,NeoN + Julia,1,gpu-nvidia-h200
LDC_N100,1000000,2924,Face-Based,GPU,NeoN + Julia,1,gpu-nvidia-h200



LDC_N190,6859000,173859,Global Face-Based,GPU,NeoN,1,gpu-nvidia-h100
LDC_N190,6859000,173576,Global Face-Based,GPU,NeoN,1,gpu-nvidia-h100
LDC_N190,6859000,173588,Global Face-Based,GPU,NeoN,1,gpu-nvidia-h100
LDC_N190,6859000,20317,Cell-Based,GPU,NeoN + Julia,1,gpu-nvidia-h100
LDC_N190,6859000,20235,Cell-Based,GPU,NeoN + Julia,1,gpu-nvidia-h100
LDC_N190,6859000,20249,Cell-Based,GPU,NeoN + Julia,1,gpu-nvidia-h100
LDC_N190,6859000,16857,Global Face-Based,GPU,NeoN + Julia,1,gpu-nvidia-h100
LDC_N190,6859000,16777,Global Face-Based,GPU,NeoN + Julia,1,gpu-nvidia-h100
LDC_N190,6859000,16757,Global Face-Based,GPU,NeoN + Julia,1,gpu-nvidia-h100
LDC_N190,6859000,16706,Face-Based,GPU,NeoN + Julia,1,gpu-nvidia-h100
LDC_N190,6859000,16615,Face-Based,GPU,NeoN + Julia,1,gpu-nvidia-h100
LDC_N190,6859000,16640,Face-Based,GPU,NeoN + Julia,1,gpu-nvidia-h100



LDC_N110,1331000,39489,Global Face-Based,GPU,NeoN,1,gpu-nvidia-h200
LDC_N110,1331000,39502,Global Face-Based,GPU,NeoN,1,gpu-nvidia-h200
LDC_N110,1331000,39520,Global Face-Based,GPU,NeoN,1,gpu-nvidia-h200
LDC_N110,1331000,5115,Cell-Based,GPU,NeoN + Julia,1,gpu-nvidia-h200
LDC_N110,1331000,4923,Cell-Based,GPU,NeoN + Julia,1,gpu-nvidia-h200
LDC_N110,1331000,4943,Cell-Based,GPU,NeoN + Julia,1,gpu-nvidia-h200
LDC_N110,1331000,3777,Global Face-Based,GPU,NeoN + Julia,1,gpu-nvidia-h200
LDC_N110,1331000,3716,Global Face-Based,GPU,NeoN + Julia,1,gpu-nvidia-h200
LDC_N110,1331000,3714,Global Face-Based,GPU,NeoN + Julia,1,gpu-nvidia-h200
LDC_N110,1331000,3705,Face-Based,GPU,NeoN + Julia,1,gpu-nvidia-h200
LDC_N110,1331000,3672,Face-Based,GPU,NeoN + Julia,1,gpu-nvidia-h200
LDC_N110,1331000,3668,Face-Based,GPU,NeoN + Julia,1,gpu-nvidia-h200



LDC_N120,1728000,48537,Global Face-Based,GPU,NeoN,1,gpu-nvidia-h200
LDC_N120,1728000,48306,Global Face-Based,GPU,NeoN,1,gpu-nvidia-h200
LDC_N120,1728000,48366,Global Face-Based,GPU,NeoN,1,gpu-nvidia-h200
LDC_N120,1728000,6088,Cell-Based,GPU,NeoN + Julia,1,gpu-nvidia-h200
LDC_N120,1728000,5983,Cell-Based,GPU,NeoN + Julia,1,gpu-nvidia-h200
LDC_N120,1728000,5971,Cell-Based,GPU,NeoN + Julia,1,gpu-nvidia-h200
LDC_N120,1728000,4669,Global Face-Based,GPU,NeoN + Julia,1,gpu-nvidia-h200
LDC_N120,1728000,4602,Global Face-Based,GPU,NeoN + Julia,1,gpu-nvidia-h200
LDC_N120,1728000,4604,Global Face-Based,GPU,NeoN + Julia,1,gpu-nvidia-h200
LDC_N120,1728000,4593,Face-Based,GPU,NeoN + Julia,1,gpu-nvidia-h200
LDC_N120,1728000,4558,Face-Based,GPU,NeoN + Julia,1,gpu-nvidia-h200
LDC_N120,1728000,4551,Face-Based,GPU,NeoN + Julia,1,gpu-nvidia-h200



LDC_N130,2197000,66163,Global Face-Based,GPU,NeoN,1,gpu-nvidia-h200
LDC_N130,2197000,66077,Global Face-Based,GPU,NeoN,1,gpu-nvidia-h200
LDC_N130,2197000,66130,Global Face-Based,GPU,NeoN,1,gpu-nvidia-h200
LDC_N130,2197000,7400,Cell-Based,GPU,NeoN + Julia,1,gpu-nvidia-h200
LDC_N130,2197000,7285,Cell-Based,GPU,NeoN + Julia,1,gpu-nvidia-h200
LDC_N130,2197000,7259,Cell-Based,GPU,NeoN + Julia,1,gpu-nvidia-h200
LDC_N130,2197000,5690,Global Face-Based,GPU,NeoN + Julia,1,gpu-nvidia-h200
LDC_N130,2197000,5648,Global Face-Based,GPU,NeoN + Julia,1,gpu-nvidia-h200
LDC_N130,2197000,5809,Global Face-Based,GPU,NeoN + Julia,1,gpu-nvidia-h200
LDC_N130,2197000,5638,Face-Based,GPU,NeoN + Julia,1,gpu-nvidia-h200
LDC_N130,2197000,5585,Face-Based,GPU,NeoN + Julia,1,gpu-nvidia-h200
LDC_N130,2197000,5594,Face-Based,GPU,NeoN + Julia,1,gpu-nvidia-h200



LDC_N200,8000000,205196,Global Face-Based,GPU,NeoN,1,gpu-nvidia-h100
LDC_N200,8000000,205008,Global Face-Based,GPU,NeoN,1,gpu-nvidia-h100
LDC_N200,8000000,205092,Global Face-Based,GPU,NeoN,1,gpu-nvidia-h100
LDC_N200,8000000,23356,Cell-Based,GPU,NeoN + Julia,1,gpu-nvidia-h100
LDC_N200,8000000,23609,Cell-Based,GPU,NeoN + Julia,1,gpu-nvidia-h100
LDC_N200,8000000,23257,Cell-Based,GPU,NeoN + Julia,1,gpu-nvidia-h100
LDC_N200,8000000,19471,Global Face-Based,GPU,NeoN + Julia,1,gpu-nvidia-h100
LDC_N200,8000000,19401,Global Face-Based,GPU,NeoN + Julia,1,gpu-nvidia-h100
LDC_N200,8000000,19383,Global Face-Based,GPU,NeoN + Julia,1,gpu-nvidia-h100
LDC_N200,8000000,19338,Face-Based,GPU,NeoN + Julia,1,gpu-nvidia-h100
LDC_N200,8000000,19238,Face-Based,GPU,NeoN + Julia,1,gpu-nvidia-h100
LDC_N200,8000000,19240,Face-Based,GPU,NeoN + Julia,1,gpu-nvidia-h100



LDC_N140,2744000,72067,Global Face-Based,GPU,NeoN,1,gpu-nvidia-h200
LDC_N140,2744000,71959,Global Face-Based,GPU,NeoN,1,gpu-nvidia-h200
LDC_N140,2744000,71995,Global Face-Based,GPU,NeoN,1,gpu-nvidia-h200
LDC_N140,2744000,8898,Cell-Based,GPU,NeoN + Julia,1,gpu-nvidia-h200
LDC_N140,2744000,8779,Cell-Based,GPU,NeoN + Julia,1,gpu-nvidia-h200
LDC_N140,2744000,8665,Cell-Based,GPU,NeoN + Julia,1,gpu-nvidia-h200
LDC_N140,2744000,6924,Global Face-Based,GPU,NeoN + Julia,1,gpu-nvidia-h200
LDC_N140,2744000,6874,Global Face-Based,GPU,NeoN + Julia,1,gpu-nvidia-h200
LDC_N140,2744000,6864,Global Face-Based,GPU,NeoN + Julia,1,gpu-nvidia-h200
LDC_N140,2744000,6849,Face-Based,GPU,NeoN + Julia,1,gpu-nvidia-h200
LDC_N140,2744000,6802,Face-Based,GPU,NeoN + Julia,1,gpu-nvidia-h200
LDC_N140,2744000,6788,Face-Based,GPU,NeoN + Julia,1,gpu-nvidia-h200



LDC_N150,3375000,95020,Global Face-Based,GPU,NeoN,1,gpu-nvidia-h200
LDC_N150,3375000,95076,Global Face-Based,GPU,NeoN,1,gpu-nvidia-h200
LDC_N150,3375000,95038,Global Face-Based,GPU,NeoN,1,gpu-nvidia-h200
LDC_N150,3375000,11194,Cell-Based,GPU,NeoN + Julia,1,gpu-nvidia-h200
LDC_N150,3375000,10961,Cell-Based,GPU,NeoN + Julia,1,gpu-nvidia-h200
LDC_N150,3375000,10927,Cell-Based,GPU,NeoN + Julia,1,gpu-nvidia-h200
LDC_N150,3375000,8483,Global Face-Based,GPU,NeoN + Julia,1,gpu-nvidia-h200
LDC_N150,3375000,8403,Global Face-Based,GPU,NeoN + Julia,1,gpu-nvidia-h200
LDC_N150,3375000,8422,Global Face-Based,GPU,NeoN + Julia,1,gpu-nvidia-h200
LDC_N150,3375000,8366,Face-Based,GPU,NeoN + Julia,1,gpu-nvidia-h200
LDC_N150,3375000,8328,Face-Based,GPU,NeoN + Julia,1,gpu-nvidia-h200
LDC_N150,3375000,8326,Face-Based,GPU,NeoN + Julia,1,gpu-nvidia-h200



LDC_N160,4096000,118467,Global Face-Based,GPU,NeoN,1,gpu-nvidia-h200
LDC_N160,4096000,118500,Global Face-Based,GPU,NeoN,1,gpu-nvidia-h200
LDC_N160,4096000,118501,Global Face-Based,GPU,NeoN,1,gpu-nvidia-h200
LDC_N160,4096000,13214,Cell-Based,GPU,NeoN + Julia,1,gpu-nvidia-h200
LDC_N160,4096000,12826,Cell-Based,GPU,NeoN + Julia,1,gpu-nvidia-h200
LDC_N160,4096000,12712,Cell-Based,GPU,NeoN + Julia,1,gpu-nvidia-h200
LDC_N160,4096000,10120,Global Face-Based,GPU,NeoN + Julia,1,gpu-nvidia-h200
LDC_N160,4096000,10065,Global Face-Based,GPU,NeoN + Julia,1,gpu-nvidia-h200
LDC_N160,4096000,10048,Global Face-Based,GPU,NeoN + Julia,1,gpu-nvidia-h200
LDC_N160,4096000,9998,Face-Based,GPU,NeoN + Julia,1,gpu-nvidia-h200
LDC_N160,4096000,9947,Face-Based,GPU,NeoN + Julia,1,gpu-nvidia-h200
LDC_N160,4096000,9940,Face-Based,GPU,NeoN + Julia,1,gpu-nvidia-h200



LDC_N220,10648000,269016,Global Face-Based,GPU,NeoN,1,gpu-nvidia-h100
LDC_N220,10648000,268925,Global Face-Based,GPU,NeoN,1,gpu-nvidia-h100
LDC_N220,10648000,268875,Global Face-Based,GPU,NeoN,1,gpu-nvidia-h100
LDC_N220,10648000,30338,Cell-Based,GPU,NeoN + Julia,1,gpu-nvidia-h100
LDC_N220,10648000,30712,Cell-Based,GPU,NeoN + Julia,1,gpu-nvidia-h100
LDC_N220,10648000,30204,Cell-Based,GPU,NeoN + Julia,1,gpu-nvidia-h100
LDC_N220,10648000,25617,Global Face-Based,GPU,NeoN + Julia,1,gpu-nvidia-h100
LDC_N220,10648000,25534,Global Face-Based,GPU,NeoN + Julia,1,gpu-nvidia-h100
LDC_N220,10648000,25506,Global Face-Based,GPU,NeoN + Julia,1,gpu-nvidia-h100
LDC_N220,10648000,25321,Face-Based,GPU,NeoN + Julia,1,gpu-nvidia-h100
LDC_N220,10648000,25203,Face-Based,GPU,NeoN + Julia,1,gpu-nvidia-h100
LDC_N220,10648000,25222,Face-Based,GPU,NeoN + Julia,1,gpu-nvidia-h100



LDC_N170,4913000,154961,Global Face-Based,GPU,NeoN,1,gpu-nvidia-h200
LDC_N170,4913000,154968,Global Face-Based,GPU,NeoN,1,gpu-nvidia-h200
LDC_N170,4913000,154937,Global Face-Based,GPU,NeoN,1,gpu-nvidia-h200
LDC_N170,4913000,15018,Cell-Based,GPU,NeoN + Julia,1,gpu-nvidia-h200
LDC_N170,4913000,14775,Cell-Based,GPU,NeoN + Julia,1,gpu-nvidia-h200
LDC_N170,4913000,14838,Cell-Based,GPU,NeoN + Julia,1,gpu-nvidia-h200
LDC_N170,4913000,11950,Global Face-Based,GPU,NeoN + Julia,1,gpu-nvidia-h200
LDC_N170,4913000,11868,Global Face-Based,GPU,NeoN + Julia,1,gpu-nvidia-h200
LDC_N170,4913000,11864,Global Face-Based,GPU,NeoN + Julia,1,gpu-nvidia-h200
LDC_N170,4913000,11772,Face-Based,GPU,NeoN + Julia,1,gpu-nvidia-h200
LDC_N170,4913000,11738,Face-Based,GPU,NeoN + Julia,1,gpu-nvidia-h200
LDC_N170,4913000,11731,Face-Based,GPU,NeoN + Julia,1,gpu-nvidia-h200



LDC_N180,5832000,154527,Global Face-Based,GPU,NeoN,1,gpu-nvidia-h200
LDC_N180,5832000,154428,Global Face-Based,GPU,NeoN,1,gpu-nvidia-h200
LDC_N180,5832000,154389,Global Face-Based,GPU,NeoN,1,gpu-nvidia-h200
LDC_N180,5832000,17403,Cell-Based,GPU,NeoN + Julia,1,gpu-nvidia-h200
LDC_N180,5832000,17184,Cell-Based,GPU,NeoN + Julia,1,gpu-nvidia-h200
LDC_N180,5832000,17085,Cell-Based,GPU,NeoN + Julia,1,gpu-nvidia-h200
LDC_N180,5832000,13966,Global Face-Based,GPU,NeoN + Julia,1,gpu-nvidia-h200
LDC_N180,5832000,13922,Global Face-Based,GPU,NeoN + Julia,1,gpu-nvidia-h200
LDC_N180,5832000,13909,Global Face-Based,GPU,NeoN + Julia,1,gpu-nvidia-h200
LDC_N180,5832000,13830,Face-Based,GPU,NeoN + Julia,1,gpu-nvidia-h200
LDC_N180,5832000,13795,Face-Based,GPU,NeoN + Julia,1,gpu-nvidia-h200
LDC_N180,5832000,13804,Face-Based,GPU,NeoN + Julia,1,gpu-nvidia-h200



LDC_N240,13824000,356347,Global Face-Based,GPU,NeoN,1,gpu-nvidia-h100
LDC_N240,13824000,356341,Global Face-Based,GPU,NeoN,1,gpu-nvidia-h100
LDC_N240,13824000,356647,Global Face-Based,GPU,NeoN,1,gpu-nvidia-h100
LDC_N240,13824000,38590,Cell-Based,GPU,NeoN + Julia,1,gpu-nvidia-h100
LDC_N240,13824000,38590,Cell-Based,GPU,NeoN + Julia,1,gpu-nvidia-h100
LDC_N240,13824000,38522,Cell-Based,GPU,NeoN + Julia,1,gpu-nvidia-h100
LDC_N240,13824000,32865,Global Face-Based,GPU,NeoN + Julia,1,gpu-nvidia-h100
LDC_N240,13824000,32821,Global Face-Based,GPU,NeoN + Julia,1,gpu-nvidia-h100
LDC_N240,13824000,32815,Global Face-Based,GPU,NeoN + Julia,1,gpu-nvidia-h100
LDC_N240,13824000,32521,Face-Based,GPU,NeoN + Julia,1,gpu-nvidia-h100
LDC_N240,13824000,32459,Face-Based,GPU,NeoN + Julia,1,gpu-nvidia-h100
LDC_N240,13824000,32487,Face-Based,GPU,NeoN + Julia,1,gpu-nvidia-h100



LDC_N190,6859000,172638,Global Face-Based,GPU,NeoN,1,gpu-nvidia-h200
LDC_N190,6859000,172592,Global Face-Based,GPU,NeoN,1,gpu-nvidia-h200
LDC_N190,6859000,172612,Global Face-Based,GPU,NeoN,1,gpu-nvidia-h200
LDC_N190,6859000,19918,Cell-Based,GPU,NeoN + Julia,1,gpu-nvidia-h200
LDC_N190,6859000,19680,Cell-Based,GPU,NeoN + Julia,1,gpu-nvidia-h200
LDC_N190,6859000,19794,Cell-Based,GPU,NeoN + Julia,1,gpu-nvidia-h200
LDC_N190,6859000,16269,Global Face-Based,GPU,NeoN + Julia,1,gpu-nvidia-h200
LDC_N190,6859000,16178,Global Face-Based,GPU,NeoN + Julia,1,gpu-nvidia-h200
LDC_N190,6859000,16216,Global Face-Based,GPU,NeoN + Julia,1,gpu-nvidia-h200
LDC_N190,6859000,16105,Face-Based,GPU,NeoN + Julia,1,gpu-nvidia-h200
LDC_N190,6859000,16069,Face-Based,GPU,NeoN + Julia,1,gpu-nvidia-h200
LDC_N190,6859000,16113,Face-Based,GPU,NeoN + Julia,1,gpu-nvidia-h200



LDC_N200,8000000,203657,Global Face-Based,GPU,NeoN,1,gpu-nvidia-h200
LDC_N200,8000000,203718,Global Face-Based,GPU,NeoN,1,gpu-nvidia-h200
LDC_N200,8000000,203609,Global Face-Based,GPU,NeoN,1,gpu-nvidia-h200
LDC_N200,8000000,22765,Cell-Based,GPU,NeoN + Julia,1,gpu-nvidia-h200
LDC_N200,8000000,23052,Cell-Based,GPU,NeoN + Julia,1,gpu-nvidia-h200
LDC_N200,8000000,22623,Cell-Based,GPU,NeoN + Julia,1,gpu-nvidia-h200
LDC_N200,8000000,18795,Global Face-Based,GPU,NeoN + Julia,1,gpu-nvidia-h200
LDC_N200,8000000,18748,Global Face-Based,GPU,NeoN + Julia,1,gpu-nvidia-h200
LDC_N200,8000000,18818,Global Face-Based,GPU,NeoN + Julia,1,gpu-nvidia-h200
LDC_N200,8000000,18637,Face-Based,GPU,NeoN + Julia,1,gpu-nvidia-h200
LDC_N200,8000000,18603,Face-Based,GPU,NeoN + Julia,1,gpu-nvidia-h200
LDC_N200,8000000,18612,Face-Based,GPU,NeoN + Julia,1,gpu-nvidia-h200



LDC_N260,17576000,447956,Global Face-Based,GPU,NeoN,1,gpu-nvidia-h100
LDC_N260,17576000,447818,Global Face-Based,GPU,NeoN,1,gpu-nvidia-h100
LDC_N260,17576000,447853,Global Face-Based,GPU,NeoN,1,gpu-nvidia-h100
LDC_N260,17576000,48614,Cell-Based,GPU,NeoN + Julia,1,gpu-nvidia-h100
LDC_N260,17576000,48328,Cell-Based,GPU,NeoN + Julia,1,gpu-nvidia-h100
LDC_N260,17576000,50283,Cell-Based,GPU,NeoN + Julia,1,gpu-nvidia-h100
LDC_N260,17576000,41639,Global Face-Based,GPU,NeoN + Julia,1,gpu-nvidia-h100
LDC_N260,17576000,41533,Global Face-Based,GPU,NeoN + Julia,1,gpu-nvidia-h100
LDC_N260,17576000,41508,Global Face-Based,GPU,NeoN + Julia,1,gpu-nvidia-h100
LDC_N260,17576000,41118,Face-Based,GPU,NeoN + Julia,1,gpu-nvidia-h100
LDC_N260,17576000,41059,Face-Based,GPU,NeoN + Julia,1,gpu-nvidia-h100
LDC_N260,17576000,41080,Face-Based,GPU,NeoN + Julia,1,gpu-nvidia-h100



LDC_N220,10648000,266775,Global Face-Based,GPU,NeoN,1,gpu-nvidia-h200
LDC_N220,10648000,266643,Global Face-Based,GPU,NeoN,1,gpu-nvidia-h200
LDC_N220,10648000,266614,Global Face-Based,GPU,NeoN,1,gpu-nvidia-h200
LDC_N220,10648000,29859,Cell-Based,GPU,NeoN + Julia,1,gpu-nvidia-h200
LDC_N220,10648000,29295,Cell-Based,GPU,NeoN + Julia,1,gpu-nvidia-h200
LDC_N220,10648000,29296,Cell-Based,GPU,NeoN + Julia,1,gpu-nvidia-h200
LDC_N220,10648000,24723,Global Face-Based,GPU,NeoN + Julia,1,gpu-nvidia-h200
LDC_N220,10648000,24703,Global Face-Based,GPU,NeoN + Julia,1,gpu-nvidia-h200
LDC_N220,10648000,24665,Global Face-Based,GPU,NeoN + Julia,1,gpu-nvidia-h200
LDC_N220,10648000,24413,Face-Based,GPU,NeoN + Julia,1,gpu-nvidia-h200
LDC_N220,10648000,24404,Face-Based,GPU,NeoN + Julia,1,gpu-nvidia-h200
LDC_N220,10648000,24385,Face-Based,GPU,NeoN + Julia,1,gpu-nvidia-h200



LDC_N240,13824000,352888,Global Face-Based,GPU,NeoN,1,gpu-nvidia-h200
LDC_N240,13824000,352816,Global Face-Based,GPU,NeoN,1,gpu-nvidia-h200
LDC_N240,13824000,352943,Global Face-Based,GPU,NeoN,1,gpu-nvidia-h200
LDC_N240,13824000,37318,Cell-Based,GPU,NeoN + Julia,1,gpu-nvidia-h200
LDC_N240,13824000,37223,Cell-Based,GPU,NeoN + Julia,1,gpu-nvidia-h200
LDC_N240,13824000,37722,Cell-Based,GPU,NeoN + Julia,1,gpu-nvidia-h200
LDC_N240,13824000,31777,Global Face-Based,GPU,NeoN + Julia,1,gpu-nvidia-h200
LDC_N240,13824000,31775,Global Face-Based,GPU,NeoN + Julia,1,gpu-nvidia-h200
LDC_N240,13824000,31745,Global Face-Based,GPU,NeoN + Julia,1,gpu-nvidia-h200
LDC_N240,13824000,31343,Face-Based,GPU,NeoN + Julia,1,gpu-nvidia-h200
LDC_N240,13824000,31380,Face-Based,GPU,NeoN + Julia,1,gpu-nvidia-h200
LDC_N240,13824000,31336,Face-Based,GPU,NeoN + Julia,1,gpu-nvidia-h200



LDC_N280,21952000,607399,Global Face-Based,GPU,NeoN,1,gpu-nvidia-h100
LDC_N280,21952000,607334,Global Face-Based,GPU,NeoN,1,gpu-nvidia-h100
LDC_N280,21952000,607338,Global Face-Based,GPU,NeoN,1,gpu-nvidia-h100
LDC_N280,21952000,60136,Cell-Based,GPU,NeoN + Julia,1,gpu-nvidia-h100
LDC_N280,21952000,60646,Cell-Based,GPU,NeoN + Julia,1,gpu-nvidia-h100
LDC_N280,21952000,60736,Cell-Based,GPU,NeoN + Julia,1,gpu-nvidia-h100
LDC_N280,21952000,51790,Global Face-Based,GPU,NeoN + Julia,1,gpu-nvidia-h100
LDC_N280,21952000,51696,Global Face-Based,GPU,NeoN + Julia,1,gpu-nvidia-h100
LDC_N280,21952000,51662,Global Face-Based,GPU,NeoN + Julia,1,gpu-nvidia-h100
LDC_N280,21952000,51126,Face-Based,GPU,NeoN + Julia,1,gpu-nvidia-h100
LDC_N280,21952000,51087,Face-Based,GPU,NeoN + Julia,1,gpu-nvidia-h100
LDC_N280,21952000,51073,Face-Based,GPU,NeoN + Julia,1,gpu-nvidia-h100



LDC_N260,17576000,443233,Global Face-Based,GPU,NeoN,1,gpu-nvidia-h200
LDC_N260,17576000,443208,Global Face-Based,GPU,NeoN,1,gpu-nvidia-h200
LDC_N260,17576000,443174,Global Face-Based,GPU,NeoN,1,gpu-nvidia-h200
LDC_N260,17576000,47568,Cell-Based,GPU,NeoN + Julia,1,gpu-nvidia-h200
LDC_N260,17576000,46508,Cell-Based,GPU,NeoN + Julia,1,gpu-nvidia-h200
LDC_N260,17576000,46653,Cell-Based,GPU,NeoN + Julia,1,gpu-nvidia-h200
LDC_N260,17576000,40288,Global Face-Based,GPU,NeoN + Julia,1,gpu-nvidia-h200
LDC_N260,17576000,40130,Global Face-Based,GPU,NeoN + Julia,1,gpu-nvidia-h200
LDC_N260,17576000,40187,Global Face-Based,GPU,NeoN + Julia,1,gpu-nvidia-h200
LDC_N260,17576000,39639,Face-Based,GPU,NeoN + Julia,1,gpu-nvidia-h200
LDC_N260,17576000,39634,Face-Based,GPU,NeoN + Julia,1,gpu-nvidia-h200
LDC_N260,17576000,39626,Face-Based,GPU,NeoN + Julia,1,gpu-nvidia-h200



LDC_N280,21952000,601261,Global Face-Based,GPU,NeoN,1,gpu-nvidia-h200
LDC_N280,21952000,601198,Global Face-Based,GPU,NeoN,1,gpu-nvidia-h200
LDC_N280,21952000,601245,Global Face-Based,GPU,NeoN,1,gpu-nvidia-h200
LDC_N280,21952000,58707,Cell-Based,GPU,NeoN + Julia,1,gpu-nvidia-h200
LDC_N280,21952000,57626,Cell-Based,GPU,NeoN + Julia,1,gpu-nvidia-h200
LDC_N280,21952000,57772,Cell-Based,GPU,NeoN + Julia,1,gpu-nvidia-h200
LDC_N280,21952000,50089,Global Face-Based,GPU,NeoN + Julia,1,gpu-nvidia-h200
LDC_N280,21952000,50017,Global Face-Based,GPU,NeoN + Julia,1,gpu-nvidia-h200
LDC_N280,21952000,50028,Global Face-Based,GPU,NeoN + Julia,1,gpu-nvidia-h200
LDC_N280,21952000,49342,Face-Based,GPU,NeoN + Julia,1,gpu-nvidia-h200
LDC_N280,21952000,49349,Face-Based,GPU,NeoN + Julia,1,gpu-nvidia-h200
LDC_N280,21952000,49335,Face-Based,GPU,NeoN + Julia,1,gpu-nvidia-h200



LDC_N300,27000000,665143,Global Face-Based,GPU,NeoN,1,gpu-nvidia-h100
LDC_N300,27000000,664938,Global Face-Based,GPU,NeoN,1,gpu-nvidia-h100
LDC_N300,27000000,664957,Global Face-Based,GPU,NeoN,1,gpu-nvidia-h100
LDC_N300,27000000,73357,Cell-Based,GPU,NeoN + Julia,1,gpu-nvidia-h100
LDC_N300,27000000,73238,Cell-Based,GPU,NeoN + Julia,1,gpu-nvidia-h100
LDC_N300,27000000,74438,Cell-Based,GPU,NeoN + Julia,1,gpu-nvidia-h100
LDC_N300,27000000,63746,Global Face-Based,GPU,NeoN + Julia,1,gpu-nvidia-h100
LDC_N300,27000000,63679,Global Face-Based,GPU,NeoN + Julia,1,gpu-nvidia-h100
LDC_N300,27000000,63672,Global Face-Based,GPU,NeoN + Julia,1,gpu-nvidia-h100
LDC_N300,27000000,62846,Face-Based,GPU,NeoN + Julia,1,gpu-nvidia-h100
LDC_N300,27000000,62837,Face-Based,GPU,NeoN + Julia,1,gpu-nvidia-h100
LDC_N300,27000000,62803,Face-Based,GPU,NeoN + Julia,1,gpu-nvidia-h100



LDC_N300,27000000,659418,Global Face-Based,GPU,NeoN,1,gpu-nvidia-h200
LDC_N300,27000000,659516,Global Face-Based,GPU,NeoN,1,gpu-nvidia-h200
LDC_N300,27000000,659572,Global Face-Based,GPU,NeoN,1,gpu-nvidia-h200
LDC_N300,27000000,70789,Cell-Based,GPU,NeoN + Julia,1,gpu-nvidia-h200
LDC_N300,27000000,70595,Cell-Based,GPU,NeoN + Julia,1,gpu-nvidia-h200
LDC_N300,27000000,70394,Cell-Based,GPU,NeoN + Julia,1,gpu-nvidia-h200
LDC_N300,27000000,61635,Global Face-Based,GPU,NeoN + Julia,1,gpu-nvidia-h200
LDC_N300,27000000,61629,Global Face-Based,GPU,NeoN + Julia,1,gpu-nvidia-h200
LDC_N300,27000000,61562,Global Face-Based,GPU,NeoN + Julia,1,gpu-nvidia-h200
LDC_N300,27000000,60686,Face-Based,GPU,NeoN + Julia,1,gpu-nvidia-h200
LDC_N300,27000000,60693,Face-Based,GPU,NeoN + Julia,1,gpu-nvidia-h200
LDC_N300,27000000,60664,Face-Based,GPU,NeoN + Julia,1,gpu-nvidia-h200



LDC_N320,32768000,881354,Global Face-Based,GPU,NeoN,1,gpu-nvidia-h100
LDC_N320,32768000,881505,Global Face-Based,GPU,NeoN,1,gpu-nvidia-h100
LDC_N320,32768000,881492,Global Face-Based,GPU,NeoN,1,gpu-nvidia-h100
LDC_N320,32768000,89134,Cell-Based,GPU,NeoN + Julia,1,gpu-nvidia-h100
LDC_N320,32768000,88502,Cell-Based,GPU,NeoN + Julia,1,gpu-nvidia-h100
LDC_N320,32768000,89599,Cell-Based,GPU,NeoN + Julia,1,gpu-nvidia-h100
LDC_N320,32768000,77550,Global Face-Based,GPU,NeoN + Julia,1,gpu-nvidia-h100
LDC_N320,32768000,77400,Global Face-Based,GPU,NeoN + Julia,1,gpu-nvidia-h100
LDC_N320,32768000,77484,Global Face-Based,GPU,NeoN + Julia,1,gpu-nvidia-h100
LDC_N320,32768000,76347,Face-Based,GPU,NeoN + Julia,1,gpu-nvidia-h100
LDC_N320,32768000,76232,Face-Based,GPU,NeoN + Julia,1,gpu-nvidia-h100
LDC_N320,32768000,76232,Face-Based,GPU,NeoN + Julia,1,gpu-nvidia-h100



LDC_N320,32768000,871238,Global Face-Based,GPU,NeoN,1,gpu-nvidia-h200
LDC_N320,32768000,871142,Global Face-Based,GPU,NeoN,1,gpu-nvidia-h200
LDC_N320,32768000,871254,Global Face-Based,GPU,NeoN,1,gpu-nvidia-h200
LDC_N320,32768000,85380,Cell-Based,GPU,NeoN + Julia,1,gpu-nvidia-h200
LDC_N320,32768000,84919,Cell-Based,GPU,NeoN + Julia,1,gpu-nvidia-h200
LDC_N320,32768000,85115,Cell-Based,GPU,NeoN + Julia,1,gpu-nvidia-h200
LDC_N320,32768000,74998,Global Face-Based,GPU,NeoN + Julia,1,gpu-nvidia-h200
LDC_N320,32768000,74950,Global Face-Based,GPU,NeoN + Julia,1,gpu-nvidia-h200
LDC_N320,32768000,75052,Global Face-Based,GPU,NeoN + Julia,1,gpu-nvidia-h200
LDC_N320,32768000,73736,Face-Based,GPU,NeoN + Julia,1,gpu-nvidia-h200
LDC_N320,32768000,73702,Face-Based,GPU,NeoN + Julia,1,gpu-nvidia-h200
LDC_N320,32768000,73687,Face-Based,GPU,NeoN + Julia,1,gpu-nvidia-h200



LDC_N340,39304000,1052695,Global Face-Based,GPU,NeoN,1,gpu-nvidia-h100
LDC_N340,39304000,1052425,Global Face-Based,GPU,NeoN,1,gpu-nvidia-h100
LDC_N340,39304000,1052420,Global Face-Based,GPU,NeoN,1,gpu-nvidia-h100
LDC_N340,39304000,106328,Cell-Based,GPU,NeoN + Julia,1,gpu-nvidia-h100
LDC_N340,39304000,107296,Cell-Based,GPU,NeoN + Julia,1,gpu-nvidia-h100
LDC_N340,39304000,106049,Cell-Based,GPU,NeoN + Julia,1,gpu-nvidia-h100
LDC_N340,39304000,93321,Global Face-Based,GPU,NeoN + Julia,1,gpu-nvidia-h100
LDC_N340,39304000,93241,Global Face-Based,GPU,NeoN + Julia,1,gpu-nvidia-h100
LDC_N340,39304000,93169,Global Face-Based,GPU,NeoN + Julia,1,gpu-nvidia-h100
LDC_N340,39304000,91905,Face-Based,GPU,NeoN + Julia,1,gpu-nvidia-h100
LDC_N340,39304000,91730,Face-Based,GPU,NeoN + Julia,1,gpu-nvidia-h100
LDC_N340,39304000,91664,Face-Based,GPU,NeoN + Julia,1,gpu-nvidia-h100



LDC_N340,39304000,1042090,Global Face-Based,GPU,NeoN,1,gpu-nvidia-h200
LDC_N340,39304000,1041937,Global Face-Based,GPU,NeoN,1,gpu-nvidia-h200
LDC_N340,39304000,1042460,Global Face-Based,GPU,NeoN,1,gpu-nvidia-h200
LDC_N340,39304000,102201,Cell-Based,GPU,NeoN + Julia,1,gpu-nvidia-h200
LDC_N340,39304000,101620,Cell-Based,GPU,NeoN + Julia,1,gpu-nvidia-h200
LDC_N340,39304000,101618,Cell-Based,GPU,NeoN + Julia,1,gpu-nvidia-h200
LDC_N340,39304000,90457,Global Face-Based,GPU,NeoN + Julia,1,gpu-nvidia-h200
LDC_N340,39304000,90283,Global Face-Based,GPU,NeoN + Julia,1,gpu-nvidia-h200
LDC_N340,39304000,90368,Global Face-Based,GPU,NeoN + Julia,1,gpu-nvidia-h200
LDC_N340,39304000,88758,Face-Based,GPU,NeoN + Julia,1,gpu-nvidia-h200
LDC_N340,39304000,88833,Face-Based,GPU,NeoN + Julia,1,gpu-nvidia-h200
LDC_N340,39304000,88699,Face-Based,GPU,NeoN + Julia,1,gpu-nvidia-h200



LDC_N360,46656000,1133276,Global Face-Based,GPU,NeoN,1,gpu-nvidia-h200
LDC_N360,46656000,1133298,Global Face-Based,GPU,NeoN,1,gpu-nvidia-h200
LDC_N360,46656000,1133480,Global Face-Based,GPU,NeoN,1,gpu-nvidia-h200
LDC_N360,46656000,120348,Cell-Based,GPU,NeoN + Julia,1,gpu-nvidia-h200
LDC_N360,46656000,119882,Cell-Based,GPU,NeoN + Julia,1,gpu-nvidia-h200
LDC_N360,46656000,120288,Cell-Based,GPU,NeoN + Julia,1,gpu-nvidia-h200
LDC_N360,46656000,107594,Global Face-Based,GPU,NeoN + Julia,1,gpu-nvidia-h200
LDC_N360,46656000,107599,Global Face-Based,GPU,NeoN + Julia,1,gpu-nvidia-h200
LDC_N360,46656000,107445,Global Face-Based,GPU,NeoN + Julia,1,gpu-nvidia-h200
LDC_N360,46656000,105747,Face-Based,GPU,NeoN + Julia,1,gpu-nvidia-h200
LDC_N360,46656000,105605,Face-Based,GPU,NeoN + Julia,1,gpu-nvidia-h200
LDC_N360,46656000,105597,Face-Based,GPU,NeoN + Julia,1,gpu-nvidia-h200




LDC_N380,54872000,1479469,Global Face-Based,GPU,NeoN,1,gpu-nvidia-h200
LDC_N380,54872000,1479746,Global Face-Based,GPU,NeoN,1,gpu-nvidia-h200
LDC_N380,54872000,1480035,Global Face-Based,GPU,NeoN,1,gpu-nvidia-h200
LDC_N380,54872000,141818,Cell-Based,GPU,NeoN + Julia,1,gpu-nvidia-h200
LDC_N380,54872000,141064,Cell-Based,GPU,NeoN + Julia,1,gpu-nvidia-h200
LDC_N380,54872000,141234,Cell-Based,GPU,NeoN + Julia,1,gpu-nvidia-h200
LDC_N380,54872000,126533,Global Face-Based,GPU,NeoN + Julia,1,gpu-nvidia-h200
LDC_N380,54872000,126449,Global Face-Based,GPU,NeoN + Julia,1,gpu-nvidia-h200
LDC_N380,54872000,126487,Global Face-Based,GPU,NeoN + Julia,1,gpu-nvidia-h200
LDC_N380,54872000,124530,Face-Based,GPU,NeoN + Julia,1,gpu-nvidia-h200
LDC_N380,54872000,124496,Face-Based,GPU,NeoN + Julia,1,gpu-nvidia-h200
LDC_N380,54872000,124481,Face-Based,GPU,NeoN + Julia,1,gpu-nvidia-h200




LDC_N400,64000000,1883875,Global Face-Based,GPU,NeoN,1,gpu-nvidia-h200
LDC_N400,64000000,1883726,Global Face-Based,GPU,NeoN,1,gpu-nvidia-h200
LDC_N400,64000000,1884382,Global Face-Based,GPU,NeoN,1,gpu-nvidia-h200
LDC_N400,64000000,164426,Cell-Based,GPU,NeoN + Julia,1,gpu-nvidia-h200
LDC_N400,64000000,166373,Cell-Based,GPU,NeoN + Julia,1,gpu-nvidia-h200
LDC_N400,64000000,164093,Cell-Based,GPU,NeoN + Julia,1,gpu-nvidia-h200
LDC_N400,64000000,147494,Global Face-Based,GPU,NeoN + Julia,1,gpu-nvidia-h200
LDC_N400,64000000,147357,Global Face-Based,GPU,NeoN + Julia,1,gpu-nvidia-h200
LDC_N400,64000000,147431,Global Face-Based,GPU,NeoN + Julia,1,gpu-nvidia-h200
LDC_N400,64000000,145064,Face-Based,GPU,NeoN + Julia,1,gpu-nvidia-h200
LDC_N400,64000000,145004,Face-Based,GPU,NeoN + Julia,1,gpu-nvidia-h200
LDC_N400,64000000,145114,Face-Based,GPU,NeoN + Julia,1,gpu-nvidia-h200

LDC_N10,1000,1865,Face-Based,GPU,NeoN,,gpu-nvidia-h200
LDC_N10,1000,1810,Face-Based,GPU,NeoN,,gpu-nvidia-h200
LDC_N10,1000,1806,Face-Based,GPU,NeoN,,gpu-nvidia-h200
LDC_N20,8000,1926,Face-Based,GPU,NeoN,,gpu-nvidia-h200
LDC_N20,8000,1861,Face-Based,GPU,NeoN,,gpu-nvidia-h200
LDC_N20,8000,1867,Face-Based,GPU,NeoN,,gpu-nvidia-h200
LDC_N30,27000,2345,Face-Based,GPU,NeoN,,gpu-nvidia-h200
LDC_N30,27000,2250,Face-Based,GPU,NeoN,,gpu-nvidia-h200
LDC_N30,27000,2269,Face-Based,GPU,NeoN,,gpu-nvidia-h200
LDC_N40,64000,3795,Face-Based,GPU,NeoN,,gpu-nvidia-h200
LDC_N40,64000,3781,Face-Based,GPU,NeoN,,gpu-nvidia-h200
LDC_N40,64000,3748,Face-Based,GPU,NeoN,,gpu-nvidia-h200
LDC_N50,125000,5351,Face-Based,GPU,NeoN,,gpu-nvidia-h200
LDC_N50,125000,5269,Face-Based,GPU,NeoN,,gpu-nvidia-h200
LDC_N50,125000,5304,Face-Based,GPU,NeoN,,gpu-nvidia-h200
LDC_N60,216000,7791,Face-Based,GPU,NeoN,,gpu-nvidia-h200
LDC_N60,216000,7716,Face-Based,GPU,NeoN,,gpu-nvidia-h200
LDC_N60,216000,7732,Face-Based,GPU,NeoN,,gpu-nvidia-h200
LDC_N70,343000,11149,Face-Based,GPU,NeoN,,gpu-nvidia-h200
LDC_N70,343000,11091,Face-Based,GPU,NeoN,,gpu-nvidia-h200
LDC_N70,343000,11099,Face-Based,GPU,NeoN,,gpu-nvidia-h200
LDC_N80,512000,15859,Face-Based,GPU,NeoN,,gpu-nvidia-h200
LDC_N80,512000,15799,Face-Based,GPU,NeoN,,gpu-nvidia-h200
LDC_N80,512000,15753,Face-Based,GPU,NeoN,,gpu-nvidia-h200
LDC_N90,729000,25635,Face-Based,GPU,NeoN,,gpu-nvidia-h200
LDC_N90,729000,25569,Face-Based,GPU,NeoN,,gpu-nvidia-h200
LDC_N90,729000,25592,Face-Based,GPU,NeoN,,gpu-nvidia-h200
LDC_N100,1000000,30822,Face-Based,GPU,NeoN,,gpu-nvidia-h200
LDC_N100,1000000,30761,Face-Based,GPU,NeoN,,gpu-nvidia-h200
LDC_N100,1000000,30731,Face-Based,GPU,NeoN,,gpu-nvidia-h200
LDC_N110,1331000,42121,Face-Based,GPU,NeoN,,gpu-nvidia-h200
LDC_N110,1331000,42028,Face-Based,GPU,NeoN,,gpu-nvidia-h200
LDC_N110,1331000,42092,Face-Based,GPU,NeoN,,gpu-nvidia-h200
LDC_N120,1728000,51915,Face-Based,GPU,NeoN,,gpu-nvidia-h200
LDC_N120,1728000,51888,Face-Based,GPU,NeoN,,gpu-nvidia-h200
LDC_N120,1728000,51890,Face-Based,GPU,NeoN,,gpu-nvidia-h200
LDC_N130,2197000,70288,Face-Based,GPU,NeoN,,gpu-nvidia-h200
LDC_N130,2197000,70230,Face-Based,GPU,NeoN,,gpu-nvidia-h200
LDC_N130,2197000,70223,Face-Based,GPU,NeoN,,gpu-nvidia-h200
LDC_N140,2744000,76927,Face-Based,GPU,NeoN,,gpu-nvidia-h200
LDC_N140,2744000,76903,Face-Based,GPU,NeoN,,gpu-nvidia-h200
LDC_N140,2744000,76857,Face-Based,GPU,NeoN,,gpu-nvidia-h200
LDC_N150,3375000,100735,Face-Based,GPU,NeoN,,gpu-nvidia-h200
LDC_N150,3375000,100834,Face-Based,GPU,NeoN,,gpu-nvidia-h200
LDC_N150,3375000,100851,Face-Based,GPU,NeoN,,gpu-nvidia-h200
LDC_N160,4096000,126278,Face-Based,GPU,NeoN,,gpu-nvidia-h200
LDC_N160,4096000,126174,Face-Based,GPU,NeoN,,gpu-nvidia-h200
LDC_N160,4096000,126276,Face-Based,GPU,NeoN,,gpu-nvidia-h200
LDC_N170,4913000,165150,Face-Based,GPU,NeoN,,gpu-nvidia-h200
LDC_N170,4913000,165150,Face-Based,GPU,NeoN,,gpu-nvidia-h200
LDC_N170,4913000,164987,Face-Based,GPU,NeoN,,gpu-nvidia-h200
LDC_N180,5832000,163654,Face-Based,GPU,NeoN,,gpu-nvidia-h200
LDC_N180,5832000,163778,Face-Based,GPU,NeoN,,gpu-nvidia-h200
LDC_N180,5832000,163552,Face-Based,GPU,NeoN,,gpu-nvidia-h200
LDC_N190,6859000,185207,Face-Based,GPU,NeoN,,gpu-nvidia-h200
LDC_N190,6859000,185141,Face-Based,GPU,NeoN,,gpu-nvidia-h200
LDC_N190,6859000,184960,Face-Based,GPU,NeoN,,gpu-nvidia-h200
LDC_N200,8000000,217841,Face-Based,GPU,NeoN,,gpu-nvidia-h200
LDC_N200,8000000,217908,Face-Based,GPU,NeoN,,gpu-nvidia-h200
LDC_N200,8000000,217826,Face-Based,GPU,NeoN,,gpu-nvidia-h200
LDC_N220,10648000,287817,Face-Based,GPU,NeoN,,gpu-nvidia-h200
LDC_N220,10648000,287738,Face-Based,GPU,NeoN,,gpu-nvidia-h200
LDC_N220,10648000,287841,Face-Based,GPU,NeoN,,gpu-nvidia-h200
LDC_N240,13824000,374908,Face-Based,GPU,NeoN,,gpu-nvidia-h200
LDC_N240,13824000,374807,Face-Based,GPU,NeoN,,gpu-nvidia-h200
LDC_N240,13824000,375014,Face-Based,GPU,NeoN,,gpu-nvidia-h200
LDC_N260,17576000,470164,Face-Based,GPU,NeoN,,gpu-nvidia-h200
LDC_N260,17576000,469726,Face-Based,GPU,NeoN,,gpu-nvidia-h200
LDC_N260,17576000,469972,Face-Based,GPU,NeoN,,gpu-nvidia-h200
LDC_N280,21952000,640782,Face-Based,GPU,NeoN,,gpu-nvidia-h200
LDC_N280,21952000,640589,Face-Based,GPU,NeoN,,gpu-nvidia-h200
LDC_N280,21952000,640540,Face-Based,GPU,NeoN,,gpu-nvidia-h200
LDC_N300,27000000,709621,Face-Based,GPU,NeoN,,gpu-nvidia-h200
LDC_N300,27000000,709422,Face-Based,GPU,NeoN,,gpu-nvidia-h200
LDC_N300,27000000,709509,Face-Based,GPU,NeoN,,gpu-nvidia-h200
LDC_N320,32768000,925495,Face-Based,GPU,NeoN,,gpu-nvidia-h200
LDC_N320,32768000,925480,Face-Based,GPU,NeoN,,gpu-nvidia-h200
LDC_N320,32768000,925450,Face-Based,GPU,NeoN,,gpu-nvidia-h200
LDC_N340,39304000,1110639,Face-Based,GPU,NeoN,,gpu-nvidia-h200
LDC_N340,39304000,1110746,Face-Based,GPU,NeoN,,gpu-nvidia-h200
LDC_N340,39304000,1110581,Face-Based,GPU,NeoN,,gpu-nvidia-h200
LDC_N360,46656000,1212233,Face-Based,GPU,NeoN,,gpu-nvidia-h200
LDC_N360,46656000,1212330,Face-Based,GPU,NeoN,,gpu-nvidia-h200
LDC_N360,46656000,1212385,Face-Based,GPU,NeoN,,gpu-nvidia-h200
LDC_N380,54872000,1578589,Face-Based,GPU,NeoN,,gpu-nvidia-h200
LDC_N380,54872000,1578681,Face-Based,GPU,NeoN,,gpu-nvidia-h200
LDC_N380,54872000,1578674,Face-Based,GPU,NeoN,,gpu-nvidia-h200
LDC_N400,64000000,2005832,Face-Based,GPU,NeoN,,gpu-nvidia-h200
LDC_N400,64000000,2005993,Face-Based,GPU,NeoN,,gpu-nvidia-h200
LDC_N400,64000000,2005907,Face-Based,GPU,NeoN,,gpu-nvidia-h200
LDC_N10,1000,1155,Face-Based,GPU,NeoN,,gpu-nvidia-h200
LDC_N10,1000,1134,Face-Based,GPU,NeoN,,gpu-nvidia-h200
LDC_N10,1000,1138,Face-Based,GPU,NeoN,,gpu-nvidia-h200
LDC_N20,8000,1156,Face-Based,GPU,NeoN,,gpu-nvidia-h200
LDC_N20,8000,1198,Face-Based,GPU,NeoN,,gpu-nvidia-h200
LDC_N20,8000,1132,Face-Based,GPU,NeoN,,gpu-nvidia-h200
LDC_N30,27000,1476,Face-Based,GPU,NeoN,,gpu-nvidia-h200
LDC_N30,27000,1457,Face-Based,GPU,NeoN,,gpu-nvidia-h200
LDC_N30,27000,1464,Face-Based,GPU,NeoN,,gpu-nvidia-h200
LDC_N40,64000,2970,Face-Based,GPU,NeoN,,gpu-nvidia-h200
LDC_N40,64000,2933,Face-Based,GPU,NeoN,,gpu-nvidia-h200
LDC_N40,64000,2947,Face-Based,GPU,NeoN,,gpu-nvidia-h200
LDC_N50,125000,4381,Face-Based,GPU,NeoN,,gpu-nvidia-h200
LDC_N50,125000,4558,Face-Based,GPU,NeoN,,gpu-nvidia-h200
LDC_N50,125000,4474,Face-Based,GPU,NeoN,,gpu-nvidia-h200
LDC_N60,216000,6582,Face-Based,GPU,NeoN,,gpu-nvidia-h200
LDC_N60,216000,6565,Face-Based,GPU,NeoN,,gpu-nvidia-h200
LDC_N60,216000,6572,Face-Based,GPU,NeoN,,gpu-nvidia-h200
LDC_N70,343000,9679,Face-Based,GPU,NeoN,,gpu-nvidia-h200
LDC_N70,343000,9671,Face-Based,GPU,NeoN,,gpu-nvidia-h200
LDC_N70,343000,9651,Face-Based,GPU,NeoN,,gpu-nvidia-h200
LDC_N80,512000,13918,Face-Based,GPU,NeoN,,gpu-nvidia-h200
LDC_N80,512000,13905,Face-Based,GPU,NeoN,,gpu-nvidia-h200
LDC_N80,512000,13850,Face-Based,GPU,NeoN,,gpu-nvidia-h200
LDC_N90,729000,23055,Face-Based,GPU,NeoN,,gpu-nvidia-h200
LDC_N90,729000,23050,Face-Based,GPU,NeoN,,gpu-nvidia-h200
LDC_N90,729000,23140,Face-Based,GPU,NeoN,,gpu-nvidia-h200
LDC_N100,1000000,27625,Face-Based,GPU,NeoN,,gpu-nvidia-h200
LDC_N100,1000000,27578,Face-Based,GPU,NeoN,,gpu-nvidia-h200
LDC_N100,1000000,27502,Face-Based,GPU,NeoN,,gpu-nvidia-h200
LDC_N110,1331000,37955,Face-Based,GPU,NeoN,,gpu-nvidia-h200
LDC_N110,1331000,37998,Face-Based,GPU,NeoN,,gpu-nvidia-h200
LDC_N110,1331000,37999,Face-Based,GPU,NeoN,,gpu-nvidia-h200
LDC_N120,1728000,46464,Face-Based,GPU,NeoN,,gpu-nvidia-h200
LDC_N120,1728000,46539,Face-Based,GPU,NeoN,,gpu-nvidia-h200
LDC_N120,1728000,46558,Face-Based,GPU,NeoN,,gpu-nvidia-h200
LDC_N130,2197000,63581,Face-Based,GPU,NeoN,,gpu-nvidia-h200
LDC_N130,2197000,63601,Face-Based,GPU,NeoN,,gpu-nvidia-h200
LDC_N130,2197000,63595,Face-Based,GPU,NeoN,,gpu-nvidia-h200
LDC_N140,2744000,69342,Face-Based,GPU,NeoN,,gpu-nvidia-h200
LDC_N140,2744000,69398,Face-Based,GPU,NeoN,,gpu-nvidia-h200
LDC_N140,2744000,69336,Face-Based,GPU,NeoN,,gpu-nvidia-h200
LDC_N150,3375000,91388,Face-Based,GPU,NeoN,,gpu-nvidia-h200
LDC_N150,3375000,91395,Face-Based,GPU,NeoN,,gpu-nvidia-h200
LDC_N150,3375000,91432,Face-Based,GPU,NeoN,,gpu-nvidia-h200
LDC_N160,4096000,114123,Face-Based,GPU,NeoN,,gpu-nvidia-h200
LDC_N160,4096000,113965,Face-Based,GPU,NeoN,,gpu-nvidia-h200
LDC_N160,4096000,114026,Face-Based,GPU,NeoN,,gpu-nvidia-h200
LDC_N170,4913000,149085,Face-Based,GPU,NeoN,,gpu-nvidia-h200
LDC_N170,4913000,149027,Face-Based,GPU,NeoN,,gpu-nvidia-h200
LDC_N170,4913000,149040,Face-Based,GPU,NeoN,,gpu-nvidia-h200
LDC_N180,5832000,148618,Face-Based,GPU,NeoN,,gpu-nvidia-h200
LDC_N180,5832000,148745,Face-Based,GPU,NeoN,,gpu-nvidia-h200
LDC_N180,5832000,148609,Face-Based,GPU,NeoN,,gpu-nvidia-h200
LDC_N190,6859000,166611,Face-Based,GPU,NeoN,,gpu-nvidia-h200
LDC_N190,6859000,166742,Face-Based,GPU,NeoN,,gpu-nvidia-h200
LDC_N190,6859000,166744,Face-Based,GPU,NeoN,,gpu-nvidia-h200
LDC_N200,8000000,196503,Face-Based,GPU,NeoN,,gpu-nvidia-h200
LDC_N200,8000000,196349,Face-Based,GPU,NeoN,,gpu-nvidia-h200
LDC_N200,8000000,196295,Face-Based,GPU,NeoN,,gpu-nvidia-h200
LDC_N220,10648000,256999,Face-Based,GPU,NeoN,,gpu-nvidia-h200
LDC_N220,10648000,256865,Face-Based,GPU,NeoN,,gpu-nvidia-h200
LDC_N220,10648000,256908,Face-Based,GPU,NeoN,,gpu-nvidia-h200
LDC_N240,13824000,340369,Face-Based,GPU,NeoN,,gpu-nvidia-h200
LDC_N240,13824000,340250,Face-Based,GPU,NeoN,,gpu-nvidia-h200
LDC_N240,13824000,340174,Face-Based,GPU,NeoN,,gpu-nvidia-h200
LDC_N260,17576000,427609,Face-Based,GPU,NeoN,,gpu-nvidia-h200
LDC_N260,17576000,427368,Face-Based,GPU,NeoN,,gpu-nvidia-h200
LDC_N260,17576000,427352,Face-Based,GPU,NeoN,,gpu-nvidia-h200
LDC_N280,21952000,577600,Face-Based,GPU,NeoN,,gpu-nvidia-h200
LDC_N280,21952000,577681,Face-Based,GPU,NeoN,,gpu-nvidia-h200
LDC_N280,21952000,577541,Face-Based,GPU,NeoN,,gpu-nvidia-h200
LDC_N10,1000,1940,Cell-Based,GPU,NeoN,,gpu-nvidia-h200
LDC_N10,1000,1937,Cell-Based,GPU,NeoN,,gpu-nvidia-h200
LDC_N10,1000,1888,Cell-Based,GPU,NeoN,,gpu-nvidia-h200
LDC_N10,1000,1147,Face-Based,GPU,NeoN,,gpu-nvidia-h200
LDC_N10,1000,1132,Face-Based,GPU,NeoN,,gpu-nvidia-h200
LDC_N10,1000,1125,Face-Based,GPU,NeoN,,gpu-nvidia-h200
LDC_N20,8000,1990,Cell-Based,GPU,NeoN,,gpu-nvidia-h200
LDC_N20,8000,1963,Cell-Based,GPU,NeoN,,gpu-nvidia-h200
LDC_N20,8000,1946,Cell-Based,GPU,NeoN,,gpu-nvidia-h200
LDC_N20,8000,1245,Face-Based,GPU,NeoN,,gpu-nvidia-h200
LDC_N20,8000,1137,Face-Based,GPU,NeoN,,gpu-nvidia-h200
LDC_N20,8000,1195,Face-Based,GPU,NeoN,,gpu-nvidia-h200
LDC_N30,27000,2897,Cell-Based,GPU,NeoN,,gpu-nvidia-h200
LDC_N30,27000,2028,Cell-Based,GPU,NeoN,,gpu-nvidia-h200
LDC_N30,27000,2023,Cell-Based,GPU,NeoN,,gpu-nvidia-h200
LDC_N30,27000,1528,Face-Based,GPU,NeoN,,gpu-nvidia-h200
LDC_N30,27000,1590,Face-Based,GPU,NeoN,,gpu-nvidia-h200
LDC_N30,27000,1470,Face-Based,GPU,NeoN,,gpu-nvidia-h200
LDC_N40,64000,2609,Cell-Based,GPU,NeoN,,gpu-nvidia-h200
LDC_N40,64000,2585,Cell-Based,GPU,NeoN,,gpu-nvidia-h200
LDC_N40,64000,2603,Cell-Based,GPU,NeoN,,gpu-nvidia-h200
LDC_N40,64000,2965,Face-Based,GPU,NeoN,,gpu-nvidia-h200
LDC_N40,64000,2941,Face-Based,GPU,NeoN,,gpu-nvidia-h200
LDC_N40,64000,2949,Face-Based,GPU,NeoN,,gpu-nvidia-h200
LDC_N50,125000,3066,Cell-Based,GPU,NeoN,,gpu-nvidia-h200
LDC_N50,125000,3027,Cell-Based,GPU,NeoN,,gpu-nvidia-h200
LDC_N50,125000,3087,Cell-Based,GPU,NeoN,,gpu-nvidia-h200
LDC_N50,125000,4498,Face-Based,GPU,NeoN,,gpu-nvidia-h200
LDC_N50,125000,4453,Face-Based,GPU,NeoN,,gpu-nvidia-h200
LDC_N50,125000,4416,Face-Based,GPU,NeoN,,gpu-nvidia-h200
LDC_N60,216000,4235,Cell-Based,GPU,NeoN,,gpu-nvidia-h200
LDC_N60,216000,4184,Cell-Based,GPU,NeoN,,gpu-nvidia-h200
LDC_N60,216000,4247,Cell-Based,GPU,NeoN,,gpu-nvidia-h200
LDC_N60,216000,6573,Face-Based,GPU,NeoN,,gpu-nvidia-h200
LDC_N60,216000,6511,Face-Based,GPU,NeoN,,gpu-nvidia-h200
LDC_N60,216000,6558,Face-Based,GPU,NeoN,,gpu-nvidia-h200
LDC_N70,343000,5106,Cell-Based,GPU,NeoN,,gpu-nvidia-h200
LDC_N70,343000,5117,Cell-Based,GPU,NeoN,,gpu-nvidia-h200
LDC_N70,343000,5082,Cell-Based,GPU,NeoN,,gpu-nvidia-h200
LDC_N70,343000,9686,Face-Based,GPU,NeoN,,gpu-nvidia-h200
LDC_N70,343000,9635,Face-Based,GPU,NeoN,,gpu-nvidia-h200
LDC_N70,343000,9637,Face-Based,GPU,NeoN,,gpu-nvidia-h200
LDC_N80,512000,6713,Cell-Based,GPU,NeoN,,gpu-nvidia-h200
LDC_N80,512000,6687,Cell-Based,GPU,NeoN,,gpu-nvidia-h200
LDC_N80,512000,6662,Cell-Based,GPU,NeoN,,gpu-nvidia-h200
LDC_N80,512000,13925,Face-Based,GPU,NeoN,,gpu-nvidia-h200
LDC_N80,512000,13887,Face-Based,GPU,NeoN,,gpu-nvidia-h200
LDC_N80,512000,13866,Face-Based,GPU,NeoN,,gpu-nvidia-h200
LDC_N90,729000,8594,Cell-Based,GPU,NeoN,,gpu-nvidia-h200
LDC_N90,729000,8614,Cell-Based,GPU,NeoN,,gpu-nvidia-h200
LDC_N90,729000,8616,Cell-Based,GPU,NeoN,,gpu-nvidia-h200
LDC_N90,729000,23084,Face-Based,GPU,NeoN,,gpu-nvidia-h200
LDC_N90,729000,23104,Face-Based,GPU,NeoN,,gpu-nvidia-h200
LDC_N90,729000,23133,Face-Based,GPU,NeoN,,gpu-nvidia-h200
LDC_N100,1000000,11136,Cell-Based,GPU,NeoN,,gpu-nvidia-h200
LDC_N100,1000000,11096,Cell-Based,GPU,NeoN,,gpu-nvidia-h200
LDC_N100,1000000,11121,Cell-Based,GPU,NeoN,,gpu-nvidia-h200
LDC_N100,1000000,27504,Face-Based,GPU,NeoN,,gpu-nvidia-h200
LDC_N100,1000000,27547,Face-Based,GPU,NeoN,,gpu-nvidia-h200
LDC_N100,1000000,27485,Face-Based,GPU,NeoN,,gpu-nvidia-h200
LDC_N110,1331000,14392,Cell-Based,GPU,NeoN,,gpu-nvidia-h200
LDC_N110,1331000,14359,Cell-Based,GPU,NeoN,,gpu-nvidia-h200
LDC_N110,1331000,14396,Cell-Based,GPU,NeoN,,gpu-nvidia-h200
LDC_N110,1331000,38015,Face-Based,GPU,NeoN,,gpu-nvidia-h200
LDC_N110,1331000,38158,Face-Based,GPU,NeoN,,gpu-nvidia-h200
LDC_N110,1331000,37994,Face-Based,GPU,NeoN,,gpu-nvidia-h200
LDC_N120,1728000,17936,Cell-Based,GPU,NeoN,,gpu-nvidia-h200
LDC_N120,1728000,17912,Cell-Based,GPU,NeoN,,gpu-nvidia-h200
LDC_N120,1728000,17930,Cell-Based,GPU,NeoN,,gpu-nvidia-h200
LDC_N120,1728000,46510,Face-Based,GPU,NeoN,,gpu-nvidia-h200
LDC_N120,1728000,46517,Face-Based,GPU,NeoN,,gpu-nvidia-h200
LDC_N120,1728000,46531,Face-Based,GPU,NeoN,,gpu-nvidia-h200
LDC_N130,2197000,22110,Cell-Based,GPU,NeoN,,gpu-nvidia-h200
LDC_N130,2197000,22141,Cell-Based,GPU,NeoN,,gpu-nvidia-h200
LDC_N130,2197000,22095,Cell-Based,GPU,NeoN,,gpu-nvidia-h200
LDC_N130,2197000,63587,Face-Based,GPU,NeoN,,gpu-nvidia-h200
LDC_N130,2197000,63622,Face-Based,GPU,NeoN,,gpu-nvidia-h200
LDC_N130,2197000,63594,Face-Based,GPU,NeoN,,gpu-nvidia-h200
LDC_N140,2744000,27373,Cell-Based,GPU,NeoN,,gpu-nvidia-h200
LDC_N140,2744000,27376,Cell-Based,GPU,NeoN,,gpu-nvidia-h200
LDC_N140,2744000,27381,Cell-Based,GPU,NeoN,,gpu-nvidia-h200
LDC_N140,2744000,69421,Face-Based,GPU,NeoN,,gpu-nvidia-h200
LDC_N140,2744000,69428,Face-Based,GPU,NeoN,,gpu-nvidia-h200
LDC_N140,2744000,69444,Face-Based,GPU,NeoN,,gpu-nvidia-h200
LDC_N150,3375000,33471,Cell-Based,GPU,NeoN,,gpu-nvidia-h200
LDC_N150,3375000,33541,Cell-Based,GPU,NeoN,,gpu-nvidia-h200
LDC_N150,3375000,33521,Cell-Based,GPU,NeoN,,gpu-nvidia-h200
LDC_N150,3375000,91351,Face-Based,GPU,NeoN,,gpu-nvidia-h200
LDC_N150,3375000,91358,Face-Based,GPU,NeoN,,gpu-nvidia-h200
LDC_N150,3375000,91365,Face-Based,GPU,NeoN,,gpu-nvidia-h200
LDC_N160,4096000,40370,Cell-Based,GPU,NeoN,,gpu-nvidia-h200
LDC_N160,4096000,40444,Cell-Based,GPU,NeoN,,gpu-nvidia-h200
LDC_N160,4096000,40395,Cell-Based,GPU,NeoN,,gpu-nvidia-h200
LDC_N160,4096000,114043,Face-Based,GPU,NeoN,,gpu-nvidia-h200
LDC_N160,4096000,114036,Face-Based,GPU,NeoN,,gpu-nvidia-h200
LDC_N160,4096000,114183,Face-Based,GPU,NeoN,,gpu-nvidia-h200
LDC_N170,4913000,47462,Cell-Based,GPU,NeoN,,gpu-nvidia-h200
LDC_N170,4913000,47329,Cell-Based,GPU,NeoN,,gpu-nvidia-h200
LDC_N170,4913000,47268,Cell-Based,GPU,NeoN,,gpu-nvidia-h200
LDC_N170,4913000,149136,Face-Based,GPU,NeoN,,gpu-nvidia-h200
LDC_N170,4913000,149196,Face-Based,GPU,NeoN,,gpu-nvidia-h200
LDC_N170,4913000,149145,Face-Based,GPU,NeoN,,gpu-nvidia-h200
LDC_N180,5832000,55735,Cell-Based,GPU,NeoN,,gpu-nvidia-h200
LDC_N180,5832000,55797,Cell-Based,GPU,NeoN,,gpu-nvidia-h200
LDC_N180,5832000,55599,Cell-Based,GPU,NeoN,,gpu-nvidia-h200
LDC_N180,5832000,148614,Face-Based,GPU,NeoN,,gpu-nvidia-h200
LDC_N180,5832000,148708,Face-Based,GPU,NeoN,,gpu-nvidia-h200
LDC_N180,5832000,148645,Face-Based,GPU,NeoN,,gpu-nvidia-h200
LDC_N190,6859000,65051,Cell-Based,GPU,NeoN,,gpu-nvidia-h200
LDC_N190,6859000,65166,Cell-Based,GPU,NeoN,,gpu-nvidia-h200
LDC_N190,6859000,65074,Cell-Based,GPU,NeoN,,gpu-nvidia-h200
LDC_N190,6859000,166742,Face-Based,GPU,NeoN,,gpu-nvidia-h200
LDC_N190,6859000,166567,Face-Based,GPU,NeoN,,gpu-nvidia-h200
LDC_N190,6859000,166670,Face-Based,GPU,NeoN,,gpu-nvidia-h200
LDC_N200,8000000,75432,Cell-Based,GPU,NeoN,,gpu-nvidia-h200
LDC_N200,8000000,75289,Cell-Based,GPU,NeoN,,gpu-nvidia-h200
LDC_N200,8000000,75404,Cell-Based,GPU,NeoN,,gpu-nvidia-h200
LDC_N200,8000000,196345,Face-Based,GPU,NeoN,,gpu-nvidia-h200
LDC_N200,8000000,196328,Face-Based,GPU,NeoN,,gpu-nvidia-h200
LDC_N200,8000000,196345,Face-Based,GPU,NeoN,,gpu-nvidia-h200
LDC_N220,10648000,98852,Cell-Based,GPU,NeoN,,gpu-nvidia-h200
LDC_N220,10648000,98793,Cell-Based,GPU,NeoN,,gpu-nvidia-h200
LDC_N220,10648000,98850,Cell-Based,GPU,NeoN,,gpu-nvidia-h200
LDC_N220,10648000,257052,Face-Based,GPU,NeoN,,gpu-nvidia-h200
LDC_N220,10648000,256837,Face-Based,GPU,NeoN,,gpu-nvidia-h200
LDC_N220,10648000,256851,Face-Based,GPU,NeoN,,gpu-nvidia-h200
LDC_N10,1000,2059,Cell-Based,GPU,NeoN,,gpu-nvidia-h100
LDC_N10,1000,2028,Cell-Based,GPU,NeoN,,gpu-nvidia-h100
LDC_N10,1000,2038,Cell-Based,GPU,NeoN,,gpu-nvidia-h100
LDC_N10,1000,1273,Face-Based,GPU,NeoN,,gpu-nvidia-h100
LDC_N10,1000,1262,Face-Based,GPU,NeoN,,gpu-nvidia-h100
LDC_N10,1000,1239,Face-Based,GPU,NeoN,,gpu-nvidia-h100
LDC_N20,8000,2130,Cell-Based,GPU,NeoN,,gpu-nvidia-h100
LDC_N20,8000,2075,Cell-Based,GPU,NeoN,,gpu-nvidia-h100
LDC_N20,8000,2065,Cell-Based,GPU,NeoN,,gpu-nvidia-h100
LDC_N20,8000,1326,Face-Based,GPU,NeoN,,gpu-nvidia-h100
LDC_N20,8000,1324,Face-Based,GPU,NeoN,,gpu-nvidia-h100
LDC_N20,8000,1283,Face-Based,GPU,NeoN,,gpu-nvidia-h100
LDC_N30,27000,2188,Cell-Based,GPU,NeoN,,gpu-nvidia-h100
LDC_N30,27000,2137,Cell-Based,GPU,NeoN,,gpu-nvidia-h100
LDC_N30,27000,2158,Cell-Based,GPU,NeoN,,gpu-nvidia-h100
LDC_N30,27000,1758,Face-Based,GPU,NeoN,,gpu-nvidia-h100
LDC_N30,27000,1649,Face-Based,GPU,NeoN,,gpu-nvidia-h100
LDC_N30,27000,1648,Face-Based,GPU,NeoN,,gpu-nvidia-h100
LDC_N40,64000,2724,Cell-Based,GPU,NeoN,,gpu-nvidia-h100
LDC_N40,64000,2697,Cell-Based,GPU,NeoN,,gpu-nvidia-h100
LDC_N40,64000,2688,Cell-Based,GPU,NeoN,,gpu-nvidia-h100
LDC_N40,64000,3090,Face-Based,GPU,NeoN,,gpu-nvidia-h100
LDC_N40,64000,3081,Face-Based,GPU,NeoN,,gpu-nvidia-h100
LDC_N40,64000,3052,Face-Based,GPU,NeoN,,gpu-nvidia-h100
LDC_N50,125000,3222,Cell-Based,GPU,NeoN,,gpu-nvidia-h100
LDC_N50,125000,3180,Cell-Based,GPU,NeoN,,gpu-nvidia-h100
LDC_N50,125000,3163,Cell-Based,GPU,NeoN,,gpu-nvidia-h100
LDC_N50,125000,4636,Face-Based,GPU,NeoN,,gpu-nvidia-h100
LDC_N50,125000,4624,Face-Based,GPU,NeoN,,gpu-nvidia-h100
LDC_N50,125000,4587,Face-Based,GPU,NeoN,,gpu-nvidia-h100
LDC_N60,216000,4370,Cell-Based,GPU,NeoN,,gpu-nvidia-h100
LDC_N60,216000,4347,Cell-Based,GPU,NeoN,,gpu-nvidia-h100
LDC_N60,216000,4350,Cell-Based,GPU,NeoN,,gpu-nvidia-h100
LDC_N60,216000,6783,Face-Based,GPU,NeoN,,gpu-nvidia-h100
LDC_N60,216000,6849,Face-Based,GPU,NeoN,,gpu-nvidia-h100
LDC_N60,216000,6767,Face-Based,GPU,NeoN,,gpu-nvidia-h100
LDC_N70,343000,5297,Cell-Based,GPU,NeoN,,gpu-nvidia-h100
LDC_N70,343000,5237,Cell-Based,GPU,NeoN,,gpu-nvidia-h100
LDC_N70,343000,5232,Cell-Based,GPU,NeoN,,gpu-nvidia-h100
LDC_N70,343000,9845,Face-Based,GPU,NeoN,,gpu-nvidia-h100
LDC_N70,343000,9861,Face-Based,GPU,NeoN,,gpu-nvidia-h100
LDC_N70,343000,9925,Face-Based,GPU,NeoN,,gpu-nvidia-h100
LDC_N80,512000,6945,Cell-Based,GPU,NeoN,,gpu-nvidia-h100
LDC_N80,512000,6875,Cell-Based,GPU,NeoN,,gpu-nvidia-h100
LDC_N80,512000,6916,Cell-Based,GPU,NeoN,,gpu-nvidia-h100
LDC_N80,512000,14232,Face-Based,GPU,NeoN,,gpu-nvidia-h100
LDC_N80,512000,14178,Face-Based,GPU,NeoN,,gpu-nvidia-h100
LDC_N80,512000,14220,Face-Based,GPU,NeoN,,gpu-nvidia-h100
LDC_N240,13824000,127271,Cell-Based,GPU,NeoN,,gpu-nvidia-h200
LDC_N240,13824000,127268,Cell-Based,GPU,NeoN,,gpu-nvidia-h200
LDC_N240,13824000,127413,Cell-Based,GPU,NeoN,,gpu-nvidia-h200
LDC_N240,13824000,340251,Face-Based,GPU,NeoN,,gpu-nvidia-h200
LDC_N240,13824000,340208,Face-Based,GPU,NeoN,,gpu-nvidia-h200
LDC_N240,13824000,340124,Face-Based,GPU,NeoN,,gpu-nvidia-h200
LDC_N90,729000,8828,Cell-Based,GPU,NeoN,,gpu-nvidia-h100
LDC_N90,729000,8794,Cell-Based,GPU,NeoN,,gpu-nvidia-h100
LDC_N90,729000,8751,Cell-Based,GPU,NeoN,,gpu-nvidia-h100
LDC_N90,729000,23458,Face-Based,GPU,NeoN,,gpu-nvidia-h100
LDC_N90,729000,23368,Face-Based,GPU,NeoN,,gpu-nvidia-h100
LDC_N90,729000,23340,Face-Based,GPU,NeoN,,gpu-nvidia-h100
LDC_N100,1000000,11107,Cell-Based,GPU,NeoN,,gpu-nvidia-h100
LDC_N100,1000000,11090,Cell-Based,GPU,NeoN,,gpu-nvidia-h100
LDC_N100,1000000,11091,Cell-Based,GPU,NeoN,,gpu-nvidia-h100
LDC_N100,1000000,27808,Face-Based,GPU,NeoN,,gpu-nvidia-h100
LDC_N100,1000000,27837,Face-Based,GPU,NeoN,,gpu-nvidia-h100
LDC_N100,1000000,27676,Face-Based,GPU,NeoN,,gpu-nvidia-h100
LDC_N110,1331000,14412,Cell-Based,GPU,NeoN,,gpu-nvidia-h100
LDC_N110,1331000,14355,Cell-Based,GPU,NeoN,,gpu-nvidia-h100
LDC_N110,1331000,14352,Cell-Based,GPU,NeoN,,gpu-nvidia-h100
LDC_N110,1331000,38174,Face-Based,GPU,NeoN,,gpu-nvidia-h100
LDC_N110,1331000,38204,Face-Based,GPU,NeoN,,gpu-nvidia-h100
LDC_N110,1331000,38167,Face-Based,GPU,NeoN,,gpu-nvidia-h100
LDC_N120,1728000,17932,Cell-Based,GPU,NeoN,,gpu-nvidia-h100
LDC_N120,1728000,17937,Cell-Based,GPU,NeoN,,gpu-nvidia-h100
LDC_N120,1728000,17922,Cell-Based,GPU,NeoN,,gpu-nvidia-h100
LDC_N120,1728000,46891,Face-Based,GPU,NeoN,,gpu-nvidia-h100
LDC_N120,1728000,46896,Face-Based,GPU,NeoN,,gpu-nvidia-h100
LDC_N120,1728000,46962,Face-Based,GPU,NeoN,,gpu-nvidia-h100
LDC_N130,2197000,22140,Cell-Based,GPU,NeoN,,gpu-nvidia-h100
LDC_N130,2197000,22200,Cell-Based,GPU,NeoN,,gpu-nvidia-h100
LDC_N130,2197000,22117,Cell-Based,GPU,NeoN,,gpu-nvidia-h100
LDC_N130,2197000,63958,Face-Based,GPU,NeoN,,gpu-nvidia-h100
LDC_N130,2197000,63952,Face-Based,GPU,NeoN,,gpu-nvidia-h100
LDC_N130,2197000,63910,Face-Based,GPU,NeoN,,gpu-nvidia-h100
LDC_N140,2744000,27359,Cell-Based,GPU,NeoN,,gpu-nvidia-h100
LDC_N140,2744000,27337,Cell-Based,GPU,NeoN,,gpu-nvidia-h100
LDC_N140,2744000,27297,Cell-Based,GPU,NeoN,,gpu-nvidia-h100
LDC_N140,2744000,69870,Face-Based,GPU,NeoN,,gpu-nvidia-h100
LDC_N140,2744000,69893,Face-Based,GPU,NeoN,,gpu-nvidia-h100
LDC_N140,2744000,69818,Face-Based,GPU,NeoN,,gpu-nvidia-h100
LDC_N260,17576000,160287,Cell-Based,GPU,NeoN,,gpu-nvidia-h200
LDC_N260,17576000,160267,Cell-Based,GPU,NeoN,,gpu-nvidia-h200
LDC_N260,17576000,160224,Cell-Based,GPU,NeoN,,gpu-nvidia-h200
LDC_N260,17576000,427503,Face-Based,GPU,NeoN,,gpu-nvidia-h200
LDC_N260,17576000,427728,Face-Based,GPU,NeoN,,gpu-nvidia-h200
LDC_N260,17576000,427461,Face-Based,GPU,NeoN,,gpu-nvidia-h200
LDC_N150,3375000,33483,Cell-Based,GPU,NeoN,,gpu-nvidia-h100
LDC_N150,3375000,33424,Cell-Based,GPU,NeoN,,gpu-nvidia-h100
LDC_N150,3375000,33470,Cell-Based,GPU,NeoN,,gpu-nvidia-h100
LDC_N150,3375000,91855,Face-Based,GPU,NeoN,,gpu-nvidia-h100
LDC_N150,3375000,91866,Face-Based,GPU,NeoN,,gpu-nvidia-h100
LDC_N150,3375000,91913,Face-Based,GPU,NeoN,,gpu-nvidia-h100
LDC_N160,4096000,40495,Cell-Based,GPU,NeoN,,gpu-nvidia-h100
LDC_N160,4096000,40487,Cell-Based,GPU,NeoN,,gpu-nvidia-h100
LDC_N160,4096000,40394,Cell-Based,GPU,NeoN,,gpu-nvidia-h100
LDC_N160,4096000,114637,Face-Based,GPU,NeoN,,gpu-nvidia-h100
LDC_N160,4096000,114603,Face-Based,GPU,NeoN,,gpu-nvidia-h100
LDC_N160,4096000,114609,Face-Based,GPU,NeoN,,gpu-nvidia-h100
LDC_N170,4913000,47458,Cell-Based,GPU,NeoN,,gpu-nvidia-h100
LDC_N170,4913000,47443,Cell-Based,GPU,NeoN,,gpu-nvidia-h100
LDC_N170,4913000,47446,Cell-Based,GPU,NeoN,,gpu-nvidia-h100
LDC_N170,4913000,149836,Face-Based,GPU,NeoN,,gpu-nvidia-h100
LDC_N170,4913000,149834,Face-Based,GPU,NeoN,,gpu-nvidia-h100
LDC_N170,4913000,149806,Face-Based,GPU,NeoN,,gpu-nvidia-h100
LDC_N180,5832000,55844,Cell-Based,GPU,NeoN,,gpu-nvidia-h100
LDC_N180,5832000,55825,Cell-Based,GPU,NeoN,,gpu-nvidia-h100
LDC_N180,5832000,55755,Cell-Based,GPU,NeoN,,gpu-nvidia-h100
LDC_N180,5832000,149880,Face-Based,GPU,NeoN,,gpu-nvidia-h100
LDC_N180,5832000,149906,Face-Based,GPU,NeoN,,gpu-nvidia-h100
LDC_N180,5832000,149880,Face-Based,GPU,NeoN,,gpu-nvidia-h100
LDC_N280,21952000,199739,Cell-Based,GPU,NeoN,,gpu-nvidia-h200
LDC_N280,21952000,199713,Cell-Based,GPU,NeoN,,gpu-nvidia-h200
LDC_N280,21952000,199643,Cell-Based,GPU,NeoN,,gpu-nvidia-h200
LDC_N280,21952000,577682,Face-Based,GPU,NeoN,,gpu-nvidia-h200
LDC_N280,21952000,577732,Face-Based,GPU,NeoN,,gpu-nvidia-h200
LDC_N280,21952000,577684,Face-Based,GPU,NeoN,,gpu-nvidia-h200
LDC_N190,6859000,65347,Cell-Based,GPU,NeoN,,gpu-nvidia-h100
LDC_N190,6859000,65325,Cell-Based,GPU,NeoN,,gpu-nvidia-h100
LDC_N190,6859000,65340,Cell-Based,GPU,NeoN,,gpu-nvidia-h100
LDC_N190,6859000,167668,Face-Based,GPU,NeoN,,gpu-nvidia-h100
LDC_N190,6859000,167759,Face-Based,GPU,NeoN,,gpu-nvidia-h100
LDC_N190,6859000,167645,Face-Based,GPU,NeoN,,gpu-nvidia-h100
LDC_N200,8000000,75730,Cell-Based,GPU,NeoN,,gpu-nvidia-h100
LDC_N200,8000000,75547,Cell-Based,GPU,NeoN,,gpu-nvidia-h100
LDC_N200,8000000,75526,Cell-Based,GPU,NeoN,,gpu-nvidia-h100
LDC_N200,8000000,197884,Face-Based,GPU,NeoN,,gpu-nvidia-h100
LDC_N200,8000000,197748,Face-Based,GPU,NeoN,,gpu-nvidia-h100
LDC_N200,8000000,197678,Face-Based,GPU,NeoN,,gpu-nvidia-h100
LDC_N300,27000000,243980,Cell-Based,GPU,NeoN,,gpu-nvidia-h200
LDC_N300,27000000,243971,Cell-Based,GPU,NeoN,,gpu-nvidia-h200
LDC_N300,27000000,243944,Cell-Based,GPU,NeoN,,gpu-nvidia-h200
LDC_N300,27000000,636035,Face-Based,GPU,NeoN,,gpu-nvidia-h200
LDC_N300,27000000,635969,Face-Based,GPU,NeoN,,gpu-nvidia-h200
LDC_N300,27000000,635981,Face-Based,GPU,NeoN,,gpu-nvidia-h200
LDC_N220,10648000,99674,Cell-Based,GPU,NeoN,,gpu-nvidia-h100
LDC_N220,10648000,99671,Cell-Based,GPU,NeoN,,gpu-nvidia-h100
LDC_N220,10648000,99624,Cell-Based,GPU,NeoN,,gpu-nvidia-h100
LDC_N220,10648000,259208,Face-Based,GPU,NeoN,,gpu-nvidia-h100
LDC_N220,10648000,259373,Face-Based,GPU,NeoN,,gpu-nvidia-h100
LDC_N220,10648000,258990,Face-Based,GPU,NeoN,,gpu-nvidia-h100
LDC_N240,13824000,128238,Cell-Based,GPU,NeoN,,gpu-nvidia-h100
LDC_N240,13824000,128295,Cell-Based,GPU,NeoN,,gpu-nvidia-h100
LDC_N240,13824000,128211,Cell-Based,GPU,NeoN,,gpu-nvidia-h100
LDC_N240,13824000,342440,Face-Based,GPU,NeoN,,gpu-nvidia-h100
LDC_N240,13824000,342522,Face-Based,GPU,NeoN,,gpu-nvidia-h100
LDC_N240,13824000,342564,Face-Based,GPU,NeoN,,gpu-nvidia-h100
LDC_N320,32768000,299917,Cell-Based,GPU,NeoN,,gpu-nvidia-h200
LDC_N320,32768000,299858,Cell-Based,GPU,NeoN,,gpu-nvidia-h200
LDC_N320,32768000,300027,Cell-Based,GPU,NeoN,,gpu-nvidia-h200
LDC_N320,32768000,839873,Face-Based,GPU,NeoN,,gpu-nvidia-h200
LDC_N320,32768000,840129,Face-Based,GPU,NeoN,,gpu-nvidia-h200
LDC_N320,32768000,839777,Face-Based,GPU,NeoN,,gpu-nvidia-h200
LDC_N260,17576000,161746,Cell-Based,GPU,NeoN,,gpu-nvidia-h100
LDC_N260,17576000,161525,Cell-Based,GPU,NeoN,,gpu-nvidia-h100
LDC_N260,17576000,161724,Cell-Based,GPU,NeoN,,gpu-nvidia-h100
LDC_N260,17576000,432703,Face-Based,GPU,NeoN,,gpu-nvidia-h100
LDC_N260,17576000,432635,Face-Based,GPU,NeoN,,gpu-nvidia-h100
LDC_N260,17576000,432760,Face-Based,GPU,NeoN,,gpu-nvidia-h100
LDC_N280,21952000,201269,Cell-Based,GPU,NeoN,,gpu-nvidia-h100
LDC_N280,21952000,201201,Cell-Based,GPU,NeoN,,gpu-nvidia-h100
LDC_N280,21952000,200782,Cell-Based,GPU,NeoN,,gpu-nvidia-h100
LDC_N280,21952000,583043,Face-Based,GPU,NeoN,,gpu-nvidia-h100
LDC_N280,21952000,583541,Face-Based,GPU,NeoN,,gpu-nvidia-h100
LDC_N280,21952000,583292,Face-Based,GPU,NeoN,,gpu-nvidia-h100
LDC_N340,39304000,352644,Cell-Based,GPU,NeoN,,gpu-nvidia-h200
LDC_N340,39304000,352514,Cell-Based,GPU,NeoN,,gpu-nvidia-h200
LDC_N340,39304000,352462,Cell-Based,GPU,NeoN,,gpu-nvidia-h200
LDC_N340,39304000,1002572,Face-Based,GPU,NeoN,,gpu-nvidia-h200
LDC_N340,39304000,1001969,Face-Based,GPU,NeoN,,gpu-nvidia-h200
LDC_N340,39304000,1001714,Face-Based,GPU,NeoN,,gpu-nvidia-h200
LDC_N300,27000000,245337,Cell-Based,GPU,NeoN,,gpu-nvidia-h100
LDC_N300,27000000,246141,Cell-Based,GPU,NeoN,,gpu-nvidia-h100
LDC_N300,27000000,245184,Cell-Based,GPU,NeoN,,gpu-nvidia-h100
LDC_N300,27000000,640874,Face-Based,GPU,NeoN,,gpu-nvidia-h100
LDC_N300,27000000,640744,Face-Based,GPU,NeoN,,gpu-nvidia-h100
LDC_N300,27000000,641879,Face-Based,GPU,NeoN,,gpu-nvidia-h100
LDC_N360,46656000,418395,Cell-Based,GPU,NeoN,,gpu-nvidia-h200
LDC_N360,46656000,418310,Cell-Based,GPU,NeoN,,gpu-nvidia-h200
LDC_N360,46656000,418356,Cell-Based,GPU,NeoN,,gpu-nvidia-h200
LDC_N360,46656000,1091355,Face-Based,GPU,NeoN,,gpu-nvidia-h200
LDC_N360,46656000,1091292,Face-Based,GPU,NeoN,,gpu-nvidia-h200
LDC_N360,46656000,1091232,Face-Based,GPU,NeoN,,gpu-nvidia-h200
LDC_N320,32768000,301524,Cell-Based,GPU,NeoN,,gpu-nvidia-h100
LDC_N320,32768000,302737,Cell-Based,GPU,NeoN,,gpu-nvidia-h100
LDC_N320,32768000,302322,Cell-Based,GPU,NeoN,,gpu-nvidia-h100
LDC_N320,32768000,848569,Face-Based,GPU,NeoN,,gpu-nvidia-h100
LDC_N320,32768000,848252,Face-Based,GPU,NeoN,,gpu-nvidia-h100
LDC_N320,32768000,848492,Face-Based,GPU,NeoN,,gpu-nvidia-h100
LDC_N380,54872000,490290,Cell-Based,GPU,NeoN,,gpu-nvidia-h200
LDC_N380,54872000,490273,Cell-Based,GPU,NeoN,,gpu-nvidia-h200
LDC_N380,54872000,490272,Cell-Based,GPU,NeoN,,gpu-nvidia-h200
LDC_N380,54872000,1426677,Face-Based,GPU,NeoN,,gpu-nvidia-h200
LDC_N380,54872000,1426889,Face-Based,GPU,NeoN,,gpu-nvidia-h200
LDC_N380,54872000,1426698,Face-Based,GPU,NeoN,,gpu-nvidia-h200
LDC_N340,39304000,356545,Cell-Based,GPU,NeoN,,gpu-nvidia-h100
LDC_N340,39304000,356612,Cell-Based,GPU,NeoN,,gpu-nvidia-h100
LDC_N340,39304000,356988,Cell-Based,GPU,NeoN,,gpu-nvidia-h100
LDC_N340,39304000,1013631,Face-Based,GPU,NeoN,,gpu-nvidia-h100
LDC_N340,39304000,1013333,Face-Based,GPU,NeoN,,gpu-nvidia-h100
LDC_N340,39304000,1014696,Face-Based,GPU,NeoN,,gpu-nvidia-h100
LDC_N400,64000000,571802,Cell-Based,GPU,NeoN,,gpu-nvidia-h200
LDC_N400,64000000,571545,Cell-Based,GPU,NeoN,,gpu-nvidia-h200
LDC_N400,64000000,571569,Cell-Based,GPU,NeoN,,gpu-nvidia-h200
LDC_N400,64000000,1811725,Face-Based,GPU,NeoN,,gpu-nvidia-h200
LDC_N400,64000000,1811972,Face-Based,GPU,NeoN,,gpu-nvidia-h200
LDC_N400,64000000,1811796,Face-Based,GPU,NeoN,,gpu-nvidia-h200
LDC_N360,46656000,421835,Cell-Based,GPU,NeoN,,gpu-nvidia-h100
LDC_N360,46656000,422338,Cell-Based,GPU,NeoN,,gpu-nvidia-h100
LDC_N360,46656000,423507,Cell-Based,GPU,NeoN,,gpu-nvidia-h100
LDC_N360,46656000,1106033,Face-Based,GPU,NeoN,,gpu-nvidia-h100
LDC_N360,46656000,1105639,Face-Based,GPU,NeoN,,gpu-nvidia-h100
LDC_N360,46656000,1107087,Face-Based,GPU,NeoN,,gpu-nvidia-h100

LDC_N360,46656000,,Cell-Based,GPU,NeoN + Julia,,gpu-nvidia-h100
LDC_N360,46656000,,Cell-Based,GPU,NeoN + Julia,,gpu-nvidia-h100
LDC_N360,46656000,,Cell-Based,GPU,NeoN + Julia,,gpu-nvidia-h100
LDC_N360,46656000,,Global Face-Based,GPU,NeoN + Julia,,gpu-nvidia-h100
LDC_N360,46656000,,Global Face-Based,GPU,NeoN + Julia,,gpu-nvidia-h100
LDC_N360,46656000,,Global Face-Based,GPU,NeoN + Julia,,gpu-nvidia-h100
LDC_N360,46656000,,Face-Based,GPU,NeoN + Julia,,gpu-nvidia-h100
LDC_N360,46656000,,Face-Based,GPU,NeoN + Julia,,gpu-nvidia-h100
LDC_N360,46656000,,Face-Based,GPU,NeoN + Julia,,gpu-nvidia-h100
LDC_N380,54872000,,Cell-Based,GPU,NeoN + Julia,,gpu-nvidia-h100
LDC_N380,54872000,,Cell-Based,GPU,NeoN + Julia,,gpu-nvidia-h100
LDC_N380,54872000,,Cell-Based,GPU,NeoN + Julia,,gpu-nvidia-h100
LDC_N380,54872000,,Global Face-Based,GPU,NeoN + Julia,,gpu-nvidia-h100
LDC_N380,54872000,,Global Face-Based,GPU,NeoN + Julia,,gpu-nvidia-h100
LDC_N380,54872000,,Global Face-Based,GPU,NeoN + Julia,,gpu-nvidia-h100
LDC_N380,54872000,,Face-Based,GPU,NeoN + Julia,,gpu-nvidia-h100
LDC_N380,54872000,,Face-Based,GPU,NeoN + Julia,,gpu-nvidia-h100
LDC_N380,54872000,,Face-Based,GPU,NeoN + Julia,,gpu-nvidia-h100
LDC_N400,64000000,,Cell-Based,GPU,NeoN + Julia,,gpu-nvidia-h100
LDC_N400,64000000,,Cell-Based,GPU,NeoN + Julia,,gpu-nvidia-h100
LDC_N400,64000000,,Cell-Based,GPU,NeoN + Julia,,gpu-nvidia-h100
LDC_N400,64000000,,Global Face-Based,GPU,NeoN + Julia,,gpu-nvidia-h100
LDC_N400,64000000,,Global Face-Based,GPU,NeoN + Julia,,gpu-nvidia-h100
LDC_N400,64000000,,Global Face-Based,GPU,NeoN + Julia,,gpu-nvidia-h100
LDC_N400,64000000,,Face-Based,GPU,NeoN + Julia,,gpu-nvidia-h100
LDC_N400,64000000,,Face-Based,GPU,NeoN + Julia,,gpu-nvidia-h100
LDC_N400,64000000,,Face-Based,GPU,NeoN + Julia,,gpu-nvidia-h100
LDC_N360,46656000,,Cell-Based,GPU,NeoN + Julia,,gpu-nvidia-h100
LDC_N360,46656000,,Cell-Based,GPU,NeoN + Julia,,gpu-nvidia-h100
LDC_N360,46656000,,Cell-Based,GPU,NeoN + Julia,,gpu-nvidia-h100
LDC_N360,46656000,,Global Face-Based,GPU,NeoN + Julia,,gpu-nvidia-h100
LDC_N360,46656000,,Global Face-Based,GPU,NeoN + Julia,,gpu-nvidia-h100
LDC_N360,46656000,,Global Face-Based,GPU,NeoN + Julia,,gpu-nvidia-h100
LDC_N360,46656000,,Face-Based,GPU,NeoN + Julia,,gpu-nvidia-h100
LDC_N360,46656000,,Face-Based,GPU,NeoN + Julia,,gpu-nvidia-h100
LDC_N360,46656000,,Face-Based,GPU,NeoN + Julia,,gpu-nvidia-h100
LDC_N380,54872000,,Cell-Based,GPU,NeoN + Julia,,gpu-nvidia-h100
LDC_N380,54872000,,Cell-Based,GPU,NeoN + Julia,,gpu-nvidia-h100
LDC_N380,54872000,,Cell-Based,GPU,NeoN + Julia,,gpu-nvidia-h100
LDC_N380,54872000,,Global Face-Based,GPU,NeoN + Julia,,gpu-nvidia-h100
LDC_N380,54872000,,Global Face-Based,GPU,NeoN + Julia,,gpu-nvidia-h100
LDC_N380,54872000,,Global Face-Based,GPU,NeoN + Julia,,gpu-nvidia-h100
LDC_N380,54872000,,Face-Based,GPU,NeoN + Julia,,gpu-nvidia-h100
LDC_N380,54872000,,Face-Based,GPU,NeoN + Julia,,gpu-nvidia-h100
LDC_N380,54872000,,Face-Based,GPU,NeoN + Julia,,gpu-nvidia-h100
LDC_N400,64000000,,Cell-Based,GPU,NeoN + Julia,,gpu-nvidia-h100
LDC_N400,64000000,,Cell-Based,GPU,NeoN + Julia,,gpu-nvidia-h100
LDC_N400,64000000,,Cell-Based,GPU,NeoN + Julia,,gpu-nvidia-h100
LDC_N400,64000000,,Global Face-Based,GPU,NeoN + Julia,,gpu-nvidia-h100
LDC_N400,64000000,,Global Face-Based,GPU,NeoN + Julia,,gpu-nvidia-h100
LDC_N400,64000000,,Global Face-Based,GPU,NeoN + Julia,,gpu-nvidia-h100
LDC_N400,64000000,,Face-Based,GPU,NeoN + Julia,,gpu-nvidia-h100
LDC_N400,64000000,,Face-Based,GPU,NeoN + Julia,,gpu-nvidia-h100
LDC_N400,64000000,,Face-Based,GPU,NeoN + Julia,,gpu-nvidia-h100
